track,genre,persistence,diagram_match,n_ripser_co,span_ripser_co,p_ripser_co,n_dio_co,span_dio_co,p_dio_co,n_dio_cy,span_dio_cy,p_dio_cy,p_fdr_ripser_co,p_fdr_dio_co,p_fdr_dio_cy,sig_ripser_co,sig_dio_co,sig_dio_cy,prev_n_verts,prev_span,prev_p
pop_01_BIRDS_OF_A_FEATHER_Billie_Eilish,pop,0.5439460277557373,True,177,89.12,1.0,176,89.12,1.0,24,68.8,1.0,1.0,1.0,1.0,False,False,False,55,86.08,6.177050541703713e-109
pop_02_Die_With_A_Smile_Lady_Gaga,pop,0.3825737237930298,True,46,20.0,1.0,46,20.0,1.0,12,10.240000000000009,1.0,1.0,1.0,1.0,False,False,False,30,72.47999999999999,0.49632725363682234
pop_03_WILDFLOWER_Billie_Eilish,pop,0.32656657695770264,True,371,89.12,1.0,372,89.12,1.0,39,80.96000000000001,1.0,1.0,1.0,1.0,False,False,False,4,22.72,0.11158818800017095
pop_04_Good_Luck__Babe__Chappell_Roan,pop,0.37817347049713135,True,22,80.32000000000001,0.5422288855572214,22,80.32000000000001,0.5422288855572214,28,81.44000000000001,0.1584207896051974,0.8847700795494603,0.8847700795494603,0.3330305650094661,False,False,False,100,87.04,0.9999999663764568
pop_05_One_Of_The_Girls__with_JENNIE__Lily_Rose_Depp__The_Weeknd,pop,0.46314334869384766,True,87,89.11999999999999,0.0004997501249375312,87,89.11999999999999,0.0004997501249375312,47,84.0,0.1054472763618191,0.0021429767286120878,0.0021429767286120878,0.23912453222207794,True,True,False,42,88.48,0.5106285262274171
pop_06_No_One_Noticed_The_Marías,pop,0.4227879047393799,True,462,89.28,0.0004997501249375312,462,89.28,0.0004997501249375312,62,88.0,0.14342828585707146,0.0021429767286120878,0.0021429767286120878,0.3105815513295983,True,True,False,13,34.88,0.9866144850907342
pop_07_Beautiful_Things_Benson_Boone,pop,0.33969640731811523,True,19,86.39999999999999,1.0,20,86.39999999999999,0.9985007496251874,17,84.64,0.487256371814093,1.0,1.0,0.8050072385010933,False,False,False,44,88.64,2.240047313734077e-40
pop_08_Iris_The_Goo_Goo_Dolls,pop,0.3310546875,True,124,33.44,0.0004997501249375312,124,33.44,0.0004997501249375312,39,33.12,0.0004997501249375312,0.0021429767286120878,0.0021429767286120878,0.0021429767286120878,True,True,True,3,48.48,0.01999744686168161
pop_09_Sailor_Song_Gigi_Perez,pop,0.3429151773452759,True,274,89.28,0.0004997501249375312,273,89.28,0.0004997501249375312,96,83.36,0.27136431784107945,0.0021429767286120878,0.0021429767286120878,0.49463875657108153,True,True,False,2,10.080000000000005,nan
pop_10_Sweater_Weather_The_Neighbourhood,pop,0.37104249000549316,True,27,77.44,0.3663168415792104,27,77.44,0.3663168415792104,55,69.92,0.0004997501249375312,0.6317320381725305,0.6317320381725305,0.0021429767286120878,False,False,True,123,73.44000000000001,3.533498627334529e-143
pop_11_Yellow_Coldplay,pop,0.735625147819519,True,182,85.76,1.0,183,85.76,1.0,36,19.68,0.0074962518740629685,1.0,1.0,0.023988005997001502,False,False,True,73,89.11999999999999,0.10242603384047883
pop_12_party_4_u_Charli_xcx,pop,0.8446533679962158,True,108,22.72,0.0004997501249375312,108,22.72,0.0004997501249375312,72,21.439999999999998,0.0004997501249375312,0.0021429767286120878,0.0021429767286120878,0.0021429767286120878,True,True,True,8,2.8799999999999955,nan
pop_13_Taste_Sabrina_Carpenter,pop,0.5769926309585571,True,24,26.56000000000001,0.9975012493753124,24,26.56000000000001,0.9975012493753124,11,1.5999999999999943,nan,1.0,1.0,nan,False,False,False,115,83.36,0.003910843272159613
pop_14_Stargazing_Myles_Smith,pop,0.4000157117843628,True,74,87.52,0.17491254372813594,73,87.52,0.13243378310844578,85,88.0,0.9025487256371814,0.3547522013641067,0.29004509152267977,1.0,False,False,False,140,87.2,0.8020010944875988
pop_15_Apocalypse_Cigarettes_After_Sex,pop,0.406589150428772,True,28,83.52,0.010994502748625687,28,83.52,0.010994502748625687,19,83.52,0.001999000499750125,0.033685285017065934,0.033685285017065934,0.007428543792619819,True,True,True,102,88.64,0.8758342402610798
pop_16_CHIHIRO_Billie_Eilish,pop,0.6526616811752319,True,215,86.56,0.0004997501249375312,215,86.56,0.0004997501249375312,58,30.560000000000002,0.0004997501249375312,0.0021429767286120878,0.0021429767286120878,0.0021429767286120878,True,True,True,213,88.64,1.961004156722393e-27
pop_17_Espresso_Sabrina_Carpenter,pop,0.441381573677063,True,2,4.639999999999999,nan,3,64.64,0.30989452536413864,4,64.64,0.15557778889444723,nan,0.5526292464697952,0.32945884707059414,False,False,False,16,83.04,0.03206192002542867
pop_18_End_of_Beginning_Djo,pop,0.4677612781524658,True,224,89.11999999999999,0.0004997501249375312,225,89.11999999999999,0.0004997501249375312,37,67.04,0.9320339830084957,0.0021429767286120878,0.0021429767286120878,1.0,True,True,False,104,88.32000000000001,0.9999999999958585
pop_19_Cruel_Summer_Taylor_Swift,pop,0.44148194789886475,True,11,7.360000000000001,0.10144927536231885,10,7.360000000000001,0.12643678160919541,9,1.4399999999999995,nan,0.2356241234221599,0.27903289734443126,nan,False,False,False,94,77.28,2.5265450426353584e-45
pop_20_Messy_Lola_Young,pop,0.40824854373931885,True,35,88.96,1.0,34,88.96,1.0,60,88.8,1.0,1.0,1.0,1.0,False,False,False,6,70.72,0.2818189144391071
pop_21_Blinding_Lights_The_Weeknd,pop,0.3902158737182617,True,33,85.76,0.9995002498750625,34,85.76,0.9995002498750625,48,77.44000000000001,0.7131434282858571,1.0,1.0,1.0,False,False,False,33,83.67999999999999,0.029951631425378048
pop_22_Starboy_The_Weeknd,pop,0.5719597339630127,True,322,88.16,1.0,322,88.16,1.0,23,69.6,1.0,1.0,1.0,1.0,False,False,False,107,87.2,1.0
pop_23_Feel_It__From__Invincible___d4vd,pop,0.3715527057647705,True,85,84.8,0.0004997501249375312,84,84.8,0.001999000499750125,60,85.28,0.15792103948025987,0.0021429767286120878,0.007428543792619819,0.3330305650094661,True,True,False,64,81.12,1.0
pop_24_Snooze_SZA,pop,0.38299560546875,True,30,81.44,0.10344827586206896,30,81.44,0.10344827586206896,33,88.47999999999999,0.034482758620689655,0.23665637536962744,0.23665637536962744,0.0932491500728509,False,False,False,14,51.2,5.56478385503224e-07
pop_25_greedy_Tate_McRae,pop,0.35959672927856445,True,282,88.32,0.0074962518740629685,282,88.32,0.0074962518740629685,42,87.36,0.9965017491254373,0.023988005997001502,0.023988005997001502,1.0,True,True,False,8,80.0,0.8852562087975238
pop_26_Viva_La_Vida_Coldplay,pop,0.3584864139556885,True,60,85.44,0.22288855572213892,61,85.44,0.21239380309845077,30,81.92,0.9735132433783108,0.42606511313879486,0.41191525449396516,1.0,False,False,False,3,13.919999999999995,nan
pop_27_Unwritten_Natasha_Bedingfield,pop,0.4080231189727783,True,69,67.68,0.04047976011994003,70,67.68,0.025487256371814093,47,86.4,0.9050474762618691,0.10778172557556837,0.0719640179910045,1.0,False,False,False,10,40.96,0.9994734989003038
pop_28_Locked_out_of_Heaven_Bruno_Mars,pop,0.4158504009246826,True,81,87.83999999999999,0.8510744627686156,81,87.83999999999999,0.8510744627686156,47,85.28,0.15992003998001,1.0,1.0,0.33495979283085736,False,False,False,24,55.519999999999996,2.8211604953157945e-12
pop_29_Something_Just_Like_This_The_Chainsmokers,pop,0.678338885307312,True,69,60.0,0.0004997501249375312,69,60.0,0.0004997501249375312,36,58.56,0.0004997501249375312,0.0021429767286120878,0.0021429767286120878,0.0021429767286120878,True,True,True,100,88.48,0.0
pop_30_As_It_Was_Harry_Styles,pop,0.47857677936553955,True,225,87.03999999999999,1.0,225,87.03999999999999,1.0,52,83.36000000000001,1.0,1.0,1.0,1.0,False,False,False,25,55.68,6.134461572929605e-22
pop_31_Give_Me_Everything__feat__Nayer__Pitbull,pop,0.3942525386810303,True,3,34.39999999999999,0.030135610246107485,2,3.6799999999999926,nan,32,78.55999999999999,0.9895052473763118,0.0830531650801814,nan,1.0,False,False,False,23,85.11999999999999,0.9812087947051937
pop_32_Pink_Pony_Club_Chappell_Roan,pop,0.35037899017333984,True,43,58.88,0.0004997501249375312,44,58.88,0.0004997501249375312,21,42.559999999999995,0.0004997501249375312,0.0021429767286120878,0.0021429767286120878,0.0021429767286120878,True,True,True,23,79.36,0.9999517867272678
pop_33_Slow_It_Down_Benson_Boone,pop,0.39779233932495117,True,129,85.11999999999999,0.8530734632683659,129,85.11999999999999,0.8530734632683659,45,78.4,0.9150424787606197,1.0,1.0,1.0,False,False,False,189,88.96,3.001223955006594e-09
pop_34_Everybody_Wants_To_Rule_The_World_Tears_For_Fears,pop,0.5572996139526367,True,389,89.28,0.035982008995502246,390,89.28,0.04097951024487756,106,32.32000000000001,0.6846576711644178,0.09684877187574435,0.10778172557556837,1.0,False,False,False,3,5.599999999999994,nan
pop_35_One_Dance_Drake,pop,0.5338525772094727,True,55,57.120000000000005,0.0004997501249375312,54,57.120000000000005,0.0004997501249375312,45,16.480000000000004,0.0004997501249375312,0.0021429767286120878,0.0021429767286120878,0.0021429767286120878,True,True,True,155,88.0,0.0
pop_36_Heat_Waves_Glass_Animals,pop,0.42457151412963867,True,11,74.24000000000001,0.8910544727636182,11,74.24000000000001,0.8910544727636182,31,79.03999999999999,1.0,1.0,1.0,1.0,False,False,False,5,86.08,0.042159315791957024
pop_37_Here_With_Me_d4vd,pop,0.28516387939453125,True,3,62.239999999999995,0.0155700652938222,2,13.919999999999995,0.023915461624026697,18,76.32000000000001,0.8855572213893054,0.046710195881466604,0.06785864973122846,1.0,True,False,False,209,88.96,4.119101470010804e-56
pop_38_That_s_What_I_Like_Bruno_Mars,pop,0.34572601318359375,True,2,3.3599999999999994,nan,3,3.3599999999999994,nan,58,82.39999999999999,0.004997501249375313,nan,nan,0.0166390793042785,False,False,True,9,64.48,0.15794168922808416
pop_39_Cry_Cigarettes_After_Sex,pop,0.44790029525756836,True,61,89.12,0.3618190904547726,62,89.12,0.37681159420289856,66,89.11999999999999,0.019490254872563718,0.6277343256082802,0.6421404682274248,0.05727748370712603,False,False,False,61,84.16000000000001,0.9998952188822728
pop_40_Closer_The_Chainsmokers,pop,0.5239671468734741,True,340,89.12,0.6936531734132934,340,89.12,0.6936531734132934,38,81.44,0.0004997501249375312,1.0,1.0,0.0021429767286120878,False,False,True,253,86.24,0.0
pop_41_I_Had_Some_Help__Feat__Morgan_Wallen__Post_Malone,pop,0.36503541469573975,True,20,63.36,0.9490254872563718,20,63.36,0.9490254872563718,10,32.16,0.16591704147926037,1.0,1.0,0.344198007757687,False,False,False,4,53.76,0.26945815472866425
pop_42_Ribs_Lorde,pop,0.38160550594329834,True,11,82.55999999999999,0.0024987506246876563,12,82.55999999999999,0.009995002498750625,14,74.08,0.09245377311344327,0.009167390826879555,0.03095226580258258,0.21825152997271854,True,True,False,204,89.11999999999999,5.9358206429113715e-77
pop_43_Stick_Season_Noah_Kahan,pop,0.31560611724853516,True,66,86.88000000000001,0.5637181409295352,65,86.88000000000001,0.5262368815592204,32,75.2,0.14942528735632185,0.9172362971056844,0.863568215892054,0.3199589796179977,False,False,False,184,89.28,1.0
pop_44_A_Bar_Song__Tipsy__Shaboozey,pop,0.3939213752746582,True,17,45.92,1.0,17,45.92,1.0,50,69.92,0.06046976511744128,1.0,1.0,0.14821525407509012,False,False,False,3,42.559999999999995,0.3894016848133599
pop_45_Romantic_Homicide_d4vd,pop,0.3574565649032593,True,118,86.88,0.3248375812093953,119,86.88,0.24737631184407796,35,76.8,0.6141929035482259,0.5739461557564777,0.46564952817708793,0.98544599566512,False,False,False,29,87.67999999999999,1.8334668599419875e-34
pop_47_Love_Me_Lil_Wayne,pop,0.40536725521087646,True,157,86.88000000000001,0.0004997501249375312,157,86.88000000000001,0.0004997501249375312,51,81.28,0.0004997501249375312,0.0021429767286120878,0.0021429767286120878,0.0021429767286120878,True,True,True,3,23.04,0.006494257464360726
pop_48_Poker_Face_Lady_Gaga,pop,0.42856454849243164,True,242,88.96000000000001,1.0,242,88.96000000000001,1.0,60,78.88,0.0004997501249375312,1.0,1.0,0.0021429767286120878,False,False,True,140,88.48,1.0
pop_49_Just_Dance_Lady_Gaga,pop,0.41030752658843994,True,319,89.28,0.0004997501249375312,319,89.28,0.0004997501249375312,26,88.64,0.00399800099950025,0.0021429767286120878,0.0021429767286120878,0.014041759608000878,True,True,True,11,76.16,0.9988859246208778
pop_50_Last_Friday_Night__T_G_I_F___Katy_Perry,pop,0.45421695709228516,True,23,41.92,0.0009995002498750624,22,41.92,0.0004997501249375312,10,22.879999999999995,0.0009995002498750624,0.003947179068986548,0.0021429767286120878,0.003947179068986548,True,True,True,75,82.08,4.5828996724471796e-45
electronic_01_Let_Me_Love_You_DJ_Snake,electronic,0.39732861518859863,True,193,89.28,0.001999000499750125,194,89.28,0.0004997501249375312,39,87.03999999999999,0.6936531734132934,0.007428543792619819,0.0021429767286120878,1.0,True,True,False,98,88.64,1.631387798852787e-07
electronic_02_Ride_Or_Die__Pt__2__with_Villano_Antillano___Tokischa__Sevdaliza,electronic,0.41918325424194336,True,334,89.28,0.0004997501249375312,334,89.28,0.0004997501249375312,18,77.60000000000001,0.20539730134932535,0.0021429767286120878,0.0021429767286120878,0.40241103937827005,True,True,False,35,79.2,8.439471550597628e-05
electronic_03_Angel_Massive_Attack,electronic,0.4155757427215576,True,430,89.28,0.46026986506746626,429,89.28,0.392303848075962,87,86.72,1.0,0.7684505573300305,0.664608872034571,1.0,False,False,False,193,88.96,3.8749371447711084e-52
electronic_04_Middle_DJ_Snake,electronic,0.492830753326416,True,84,63.04,1.0,84,63.04,1.0,17,11.04,0.33033483258370816,1.0,1.0,0.5801001938055362,False,False,False,2,0.16000000000000014,nan
electronic_05_Glory_Box_Portishead,electronic,0.42193901538848877,True,46,81.92,1.0,47,81.92,1.0,8,66.08,1.0,1.0,1.0,1.0,False,False,False,29,64.47999999999999,0.011165475223842017
electronic_06_Loco_Contigo__feat__J__Balvin___Tyga__DJ_Snake,electronic,0.4949948787689209,True,427,88.80000000000001,1.0,427,88.80000000000001,1.0,45,85.12,1.0,1.0,1.0,1.0,False,False,False,77,88.96000000000001,3.2631867092411504e-16
electronic_07_You_Know_You_Like_It_DJ_Snake,electronic,0.47645437717437744,True,139,85.76,0.37031484257871067,139,85.76,0.37031484257871067,90,82.56,0.16991504247876063,0.6348254444206468,0.6348254444206468,0.347060512297043,False,False,False,22,80.96,0.9152017999216085
electronic_08_Where_s_Your_Head_At_Basement_Jaxx,electronic,0.3701138496398926,True,381,89.28,0.7251374312843578,381,89.28,0.7251374312843578,47,83.36,0.21039480259870064,1.0,1.0,0.4108047671079714,False,False,False,57,81.60000000000001,2.808794158220164e-09
electronic_09_Taki_Taki__feat__Selena_Gomez__Ozuna___Cardi_B__DJ_Snake,electronic,0.4038076400756836,True,307,89.28,0.004497751124437781,308,89.28,0.004997501249375313,47,81.44,1.0,0.015606654504073263,0.0166390793042785,1.0,True,True,False,65,83.84,7.39505354839042e-71
electronic_10_Closer_Nine_Inch_Nails,electronic,0.5082197189331055,True,11,43.99999999999999,0.004997501249375313,11,43.99999999999999,0.004997501249375313,13,16.47999999999999,0.0004997501249375312,0.0166390793042785,0.0166390793042785,0.0021429767286120878,True,True,True,4,28.000000000000007,0.18250787620349457
electronic_11_Tom_Tom_Holy_Fuck,electronic,0.7115927934646606,True,92,67.84,0.0004997501249375312,92,67.84,0.0004997501249375312,19,4.6399999999999935,nan,0.0021429767286120878,0.0021429767286120878,nan,True,True,False,32,73.92,2.2425041022650347e-12
electronic_12_Assumptions_Sam_Gellaitry,electronic,0.4603843688964844,True,99,85.76,0.0004997501249375312,236,86.72,0.0004997501249375312,49,75.67999999999999,0.4877561219390305,0.0021429767286120878,0.0021429767286120878,0.8050072385010933,True,True,False,103,88.96,6.251670098285537e-152
electronic_13_The_Look_Metronomy,electronic,0.49238455295562744,True,328,88.48,1.0,328,88.48,1.0,26,82.72,0.968015992003998,1.0,1.0,1.0,False,False,False,113,86.24,1.0
electronic_14_U_Are_My_High__with_Future__DJ_Snake,electronic,0.4242821931838989,True,52,82.56,0.11444277861069466,53,82.56,0.09945027486256872,11,57.599999999999994,0.7626186906546727,0.257496251874063,0.23285918016601453,1.0,False,False,False,13,15.840000000000003,0.47042507091885244
electronic_15_Teardrop_Massive_Attack,electronic,0.41778564453125,True,10,67.83999999999999,0.0009995002498750624,10,67.83999999999999,0.0009995002498750624,22,66.24000000000001,0.041979010494752625,0.003947179068986548,0.003947179068986548,0.10990868202262505,True,True,False,44,87.68,3.1348218329434655e-18
electronic_16_Midas_Maribou_State,electronic,0.37094151973724365,True,254,88.64,0.0004997501249375312,254,88.64,0.0004997501249375312,50,22.560000000000002,0.0004997501249375312,0.0021429767286120878,0.0021429767286120878,0.0021429767286120878,True,True,True,265,89.28,9.924177908898563e-17
electronic_17_Taki_Taki__with_Selena_Gomez__Ozuna___Cardi_B__DJ_Snake,electronic,0.4038076400756836,True,307,89.28,0.004497751124437781,308,89.28,0.004997501249375313,47,81.44,1.0,0.015606654504073263,0.0166390793042785,1.0,True,True,False,65,83.84,7.39505354839042e-71
electronic_18_Glue_BICEP,electronic,0.48208296298980713,True,228,89.12,0.0004997501249375312,228,89.12,0.0004997501249375312,94,57.44,0.0004997501249375312,0.0021429767286120878,0.0021429767286120878,0.0021429767286120878,True,True,True,38,81.6,0.9998237605975626
electronic_19_Neverender_Justice,electronic,0.48968207836151123,True,182,73.44000000000001,1.0,182,73.44000000000001,1.0,51,28.640000000000008,0.32283858070964516,1.0,1.0,0.5721692999654019,False,False,False,38,80.64,4.600055133109061e-140
electronic_20_Six_Days_-_Remix_DJ_Shadow,electronic,0.4872860908508301,True,54,88.16000000000001,0.3373313343328336,55,88.16000000000001,0.3333333333333333,69,85.92,0.7021489255372314,0.5887965108354913,0.5835866261398176,1.0,False,False,False,49,89.28,1.133577083169667e-90
electronic_21_Turn_Down_for_What_DJ_Snake,electronic,0.5619199275970459,True,9,4.960000000000001,nan,8,4.960000000000001,nan,26,4.32,nan,nan,nan,nan,False,False,False,10,55.03999999999999,1.9342439543564972e-05
electronic_22_where_s_my_head_at___Basement_Jaxx,electronic,0.542082667350769,True,58,87.04,0.4522738630684658,58,87.04,0.4522738630684658,29,6.8799999999999955,0.0004997501249375312,0.7572957707192915,0.7572957707192915,0.0021429767286120878,False,False,True,12,10.399999999999999,2.731288005797764e-17
electronic_23_Steal_Maribou_State,electronic,0.36207544803619385,True,28,67.04,0.029985007496251874,28,67.04,0.029985007496251874,26,86.56,0.0029985007496251873,0.0830531650801814,0.0830531650801814,0.010738288398857813,False,False,True,251,88.96000000000001,1.070678100888888e-18
electronic_24_9_Dean_Blunt,electronic,0.33096110820770264,True,24,75.67999999999999,0.9365317341329336,25,75.67999999999999,0.9035482258870565,39,63.839999999999996,0.4752623688155922,1.0,1.0,0.7889081395901473,False,False,False,105,78.72000000000001,3.29063092864805e-82
electronic_25_100_Dean_Blunt,electronic,0.5431026220321655,True,495,89.28,0.1679160419790105,495,89.28,0.1679160419790105,106,88.32000000000001,0.8000999500249875,0.344198007757687,0.344198007757687,1.0,False,False,False,185,88.8,0.7941485011734984
electronic_26_Hollow__feat__Bonn__MORTEN,electronic,0.36645829677581787,True,5,60.00000000000001,0.004997501249375313,4,60.00000000000001,0.0030015007503751876,65,84.0,0.0004997501249375312,0.0166390793042785,0.010738288398857813,0.0021429767286120878,True,True,True,4,22.080000000000002,0.5981578689395795
electronic_27_Tsunami_DVBBS,electronic,0.5256601572036743,True,50,14.079999999999998,1.0,50,14.079999999999998,1.0,25,12.96,1.0,1.0,1.0,1.0,False,False,False,24,78.72,1.4818184582550973e-26
electronic_28_Bayside_-_Radio_Edit_Obskür,electronic,0.4959597587585449,True,289,88.32000000000001,0.0004997501249375312,289,88.32000000000001,0.0004997501249375312,55,58.56,0.0004997501249375312,0.0021429767286120878,0.0021429767286120878,0.0021429767286120878,True,True,True,194,88.0,1.0
electronic_29_Galvanize_The_Chemical_Brothers,electronic,0.789502739906311,True,22,43.839999999999996,0.8325837081459271,22,43.839999999999996,0.8325837081459271,18,3.839999999999989,nan,1.0,1.0,nan,False,False,False,19,40.96,1.3388321171421004e-27
electronic_30_Rip___Tear_Mick_Gordon,electronic,0.48977088928222656,True,201,41.120000000000005,0.0004997501249375312,201,41.120000000000005,0.0004997501249375312,43,29.599999999999994,0.0004997501249375312,0.0021429767286120878,0.0021429767286120878,0.0021429767286120878,True,True,True,96,85.44,1.619712704775339e-188
electronic_31_D_A_N_C_E_Justice,electronic,0.34660863876342773,True,74,70.24,0.0004997501249375312,74,70.24,0.0004997501249375312,18,69.28,0.0004997501249375312,0.0021429767286120878,0.0021429767286120878,0.0021429767286120878,True,True,True,7,62.08,0.9952843887559017
electronic_32_Sour_Times_Portishead,electronic,0.3879404067993164,True,70,63.68000000000001,1.0,70,63.68000000000001,1.0,85,88.0,0.0004997501249375312,1.0,1.0,0.0021429767286120878,False,False,True,2,81.6,nan
electronic_33_Red_Sex_Vessel,electronic,0.3667830228805542,True,12,20.64,0.2448775612193903,13,21.599999999999994,0.22088955522238882,11,21.120000000000005,0.19140429785107446,0.46245729594219287,0.42410794602698654,0.3854855788888773,False,False,False,170,85.11999999999999,0.0
electronic_34_La_leçon_particulière_-_Bande_originale_du_film__La_leçon_particulière__Francis_Lai,electronic,0.3684500455856323,True,115,86.56,1.0,115,86.56,1.0,31,73.92,1.0,1.0,1.0,1.0,False,False,False,6,68.47999999999999,1.6091470337144106e-07
electronic_35_Nervous_Tics_Maribou_State,electronic,0.3670663833618164,True,112,76.64,0.0009995002498750624,112,76.64,0.0009995002498750624,56,88.0,0.8445777111444278,0.003947179068986548,0.003947179068986548,1.0,True,True,False,51,72.48,7.41880205256718e-12
electronic_36_Sexy_Boy_Air,electronic,0.30867958068847656,True,3,59.99999999999999,0.67101958814666,4,63.199999999999996,0.7888944472236118,59,76.64,0.9190404797601199,1.0,1.0,1.0,False,False,False,11,77.11999999999999,0.43017186648118766
electronic_37_Shootout_Izzamuzzic,electronic,0.4056417942047119,True,80,88.96,0.9435282358820589,80,88.96,0.9435282358820589,42,87.2,0.4497751124437781,1.0,1.0,0.7572957707192915,False,False,False,11,75.84,6.9222755268973706e-06
electronic_38_Alibi__with_Pabllo_Vittar___Yseult__Sevdaliza,electronic,0.44126200675964355,True,198,89.28,0.6491754122938531,198,89.28,0.6491754122938531,64,57.76,0.1199400299850075,1.0,1.0,0.2677730901990865,False,False,False,184,89.11999999999999,3.9969634768202364e-27
electronic_39_The_Hand_That_Feeds_Nine_Inch_Nails,electronic,0.6761051416397095,True,314,89.28,0.02048975512243878,314,89.28,0.02048975512243878,60,20.800000000000004,1.0,0.05930702990213436,0.05930702990213436,1.0,False,False,False,210,89.28,0.9999400328011542
electronic_40_Dance_Yrself_Clean_LCD_Soundsystem,electronic,0.44820141792297363,True,290,89.28,0.0004997501249375312,290,89.28,0.0004997501249375312,25,65.6,0.0004997501249375312,0.0021429767286120878,0.0021429767286120878,0.0021429767286120878,True,True,True,15,73.92,0.8621660116861214
electronic_41_Xtal_Aphex_Twin,electronic,0.46462559700012207,True,157,84.64,0.06896551724137931,157,84.64,0.06896551724137931,219,81.60000000000001,0.0004997501249375312,0.16690814256737177,0.16690814256737177,0.0021429767286120878,False,False,True,214,88.64,1.1246573134112873e-24
electronic_42_Lebanese_Blonde_Thievery_Corporation,electronic,0.511330246925354,True,472,89.28,0.04597701149425287,472,89.28,0.04597701149425287,45,60.0,0.6011994002998501,0.11770114942528735,0.11770114942528735,0.9700023937611026,False,False,False,116,83.04,0.9999999941853781
electronic_43_QKThr_Aphex_Twin,electronic,0.40426063537597656,True,156,76.32000000000001,0.6818181818181818,155,76.32000000000001,0.6538461538461539,54,66.08,1.0,1.0,1.0,1.0,False,False,False,85,76.48,nan
electronic_44_You_Wish_Nightmares_On_Wax,electronic,0.29304349422454834,True,5,21.44,0.0079960019990005,6,23.2,0.0069965017491254375,9,26.08,0.0009995002498750624,0.025445840615603798,0.0227682768785099,0.003947179068986548,True,True,True,3,18.560000000000002,nan
electronic_45_Never_Catch_Me_Flying_Lotus,electronic,0.6703004837036133,True,38,63.67999999999999,0.9880059970014993,38,63.67999999999999,0.9880059970014993,31,8.64,1.0,1.0,1.0,1.0,False,False,False,20,70.72,1.2730897710174156e-36
electronic_46_Bfg_Division_Mick_Gordon,electronic,0.6191788911819458,True,204,88.48,0.0004997501249375312,204,88.48,0.0004997501249375312,19,4.0,nan,0.0021429767286120878,0.0021429767286120878,nan,True,True,False,90,88.32000000000001,2.53694643089422e-203
electronic_47_Red_Sex__Re-Strung___feat__Rakhi_Singh__Vessel,electronic,0.3667830228805542,True,12,20.64,0.2448775612193903,13,21.599999999999994,0.22088955522238882,11,21.120000000000005,0.19140429785107446,0.46245729594219287,0.42410794602698654,0.3854855788888773,False,False,False,170,85.11999999999999,0.0
electronic_48_Feel_Your_Weight_-_Poolside_Remix_Rhye,electronic,0.4022948741912842,True,231,89.28,0.991504247876062,230,89.28,0.9905047476261869,12,33.28,0.021989005497251374,1.0,1.0,0.06270132260602372,False,False,False,12,53.6,9.176793695660238e-15
electronic_49_Head_Like_A_Hole_Nine_Inch_Nails,electronic,0.3694204092025757,True,91,88.96000000000001,0.0004997501249375312,90,88.96000000000001,0.0004997501249375312,96,87.36,1.0,0.0021429767286120878,0.0021429767286120878,1.0,True,True,False,4,55.67999999999999,0.07187084580427532
electronic_50_Hearing_Damage_Thom_Yorke,electronic,0.41802382469177246,True,271,88.96000000000001,1.0,271,88.96000000000001,1.0,86,84.8,1.0,1.0,1.0,1.0,False,False,False,30,80.96,4.1278263314611404e-13
hip-hop_01_Not_Like_Us_Kendrick_Lamar,hip-hop,0.40813159942626953,True,66,57.28,0.0004997501249375312,65,57.28,0.0004997501249375312,10,38.72,0.014492753623188406,0.0021429767286120878,0.0021429767286120878,0.04370589574322786,True,True,True,10,53.28,0.00038206227978353745
hip-hop_02_All_The_Stars__with_SZA__Kendrick_Lamar,hip-hop,0.394350528717041,True,42,84.32,0.005497251374312844,43,84.32,0.00399800099950025,12,34.72,0.1664167916041979,0.01819779765289769,0.014041759608000878,0.344198007757687,True,True,False,52,86.24000000000001,0.999999999964573
hip-hop_03_See_You_Again__feat__Kali_Uchis__Tyler__The_Creator,hip-hop,0.4572209119796753,True,23,8.0,0.993503248375812,24,8.16000000000001,0.9880059970014993,15,7.200000000000003,0.9970014992503748,1.0,1.0,1.0,False,False,False,2,6.880000000000003,nan
hip-hop_04_Pink___White_Frank_Ocean,hip-hop,0.326953649520874,True,3,2.240000000000002,nan,3,2.240000000000002,nan,14,53.92,0.02048975512243878,nan,nan,0.05930702990213436,False,False,False,4,32.64,0.9861395331426529
hip-hop_05_Feel_Good_Inc__Gorillaz,hip-hop,0.3331928253173828,True,19,46.56,0.06696651674162919,18,42.24000000000001,0.07896051974012994,15,67.36,0.953023488255872,0.16344370187787466,0.18950524737631183,1.0,False,False,False,4,13.919999999999995,0.7409560849096231
hip-hop_06_Give_Me_Everything__feat__Nayer__Pitbull,hip-hop,0.3942525386810303,True,3,34.39999999999999,0.030135610246107485,2,3.6799999999999926,nan,32,78.55999999999999,0.9895052473763118,0.0830531650801814,nan,1.0,False,False,False,23,85.11999999999999,0.9812087947051937
hip-hop_07_HUMBLE__Kendrick_Lamar,hip-hop,0.4712648391723633,True,4,80.0,0.0005002501250625312,3,76.8,0.0005022601707684581,10,88.0,0.01199400299850075,0.0021429767286120878,0.0021429767286120878,0.036360766984928586,True,True,True,14,79.2,0.9999742955334798
hip-hop_08_NIGHTS_LIKE_THIS_The_Kid_LAROI,hip-hop,0.3314802646636963,True,77,79.04,1.0,78,79.04,1.0,31,64.32,1.0,1.0,1.0,1.0,False,False,False,128,79.67999999999999,2.692135806319418e-204
hip-hop_09_One_Dance_Drake,hip-hop,0.5338525772094727,True,55,57.120000000000005,0.0004997501249375312,54,57.120000000000005,0.0004997501249375312,45,16.480000000000004,0.0004997501249375312,0.0021429767286120878,0.0021429767286120878,0.0021429767286120878,True,True,True,155,88.0,0.0
hip-hop_10_Without_Me_Eminem,hip-hop,0.48388540744781494,True,437,89.28,1.0,437,89.28,1.0,33,69.60000000000001,0.4397801099450275,1.0,1.0,0.742854379261982,False,False,False,254,88.8,0.9999999130914479
hip-hop_11_No_Role_Modelz_J__Cole,hip-hop,0.5089643001556396,True,158,88.8,0.0004997501249375312,159,88.8,0.0004997501249375312,39,83.36,0.8930534732633684,0.0021429767286120878,0.0021429767286120878,1.0,True,True,False,209,88.96000000000001,0.0
hip-hop_12_I_Smoked_Away_My_Brain__I_m_God_x_Demons_Mashup___feat__Imogen_Heap___Clams_Casino__A_AP_Rocky,hip-hop,0.4876821041107178,True,154,88.8,0.0004997501249375312,155,88.8,0.0004997501249375312,35,21.6,0.2733633183408296,0.0021429767286120878,0.0021429767286120878,0.4967106352186683,True,True,False,213,88.64,1.9473810670168995e-38
hip-hop_13_Love_Me_Lil_Wayne,hip-hop,0.40536725521087646,True,157,86.88000000000001,0.0004997501249375312,157,86.88000000000001,0.0004997501249375312,51,81.28,0.0004997501249375312,0.0021429767286120878,0.0021429767286120878,0.0021429767286120878,True,True,True,3,23.04,0.006494257464360726
hip-hop_14_Yeah___feat__Lil_Jon___Ludacris__USHER,hip-hop,0.38350415229797363,True,27,82.56,0.0004997501249375312,28,85.11999999999999,0.0004997501249375312,57,88.0,0.0004997501249375312,0.0021429767286120878,0.0021429767286120878,0.0021429767286120878,True,True,True,6,57.120000000000005,2.3010487174628138e-05
hip-hop_15_Unforgettable_French_Montana,hip-hop,0.3341848850250244,True,300,88.0,0.028985507246376812,299,88.0,0.021989005497251374,27,82.72,0.9910044977511244,0.08144220572640509,0.06270132260602372,1.0,False,False,False,5,14.559999999999995,2.393525786129888e-05
hip-hop_16_Gangsta_s_Paradise_Coolio,hip-hop,0.3384270668029785,True,180,88.80000000000001,1.0,179,88.80000000000001,1.0,19,72.0,0.004997501249375313,1.0,1.0,0.0166390793042785,False,False,True,2,6.079999999999998,nan
hip-hop_17_Like_That_Future,hip-hop,0.34617161750793457,True,360,89.11999999999999,0.9220389805097451,360,89.11999999999999,0.9220389805097451,48,88.8,0.744127936031984,1.0,1.0,1.0,False,False,False,118,89.12,0.44139637971247203
hip-hop_18_The_Spins_Mac_Miller,hip-hop,0.4473012685775757,True,151,89.28,0.04097951024487756,151,89.28,0.04097951024487756,38,85.91999999999999,0.6531734132933533,0.10778172557556837,0.10778172557556837,1.0,False,False,False,16,53.92,0.0373511362336649
hip-hop_19_LOVE__FEAT__ZACARI__Kendrick_Lamar,hip-hop,0.4564551115036011,True,11,77.6,0.9090454772613693,11,77.6,0.9090454772613693,6,23.36,0.0004997501249375312,1.0,1.0,0.0021429767286120878,False,False,True,159,88.32,0.999713560046712
hip-hop_20_Thinkin_Bout_You_Frank_Ocean,hip-hop,0.42014503479003906,True,118,89.28,0.9970014992503748,119,89.28,0.9985007496251874,33,66.72,1.0,1.0,1.0,1.0,False,False,False,149,88.16,0.9999798142873297
hip-hop_21_Passionfruit_Drake,hip-hop,0.47601842880249023,True,276,89.28,0.0004997501249375312,276,89.28,0.0004997501249375312,56,70.4,0.06996501749125437,0.0021429767286120878,0.0021429767286120878,0.16861861956051263,True,True,False,58,89.28,0.9939072950861245
hip-hop_22_The_Color_Violet_Tory_Lanez,hip-hop,0.3789846897125244,True,286,89.12,0.0004997501249375312,287,89.12,0.0004997501249375312,74,88.0,0.0004997501249375312,0.0021429767286120878,0.0021429767286120878,0.0021429767286120878,True,True,True,174,88.8,0.0
hip-hop_23_Flashing_Lights_Kanye_West,hip-hop,0.4443857669830322,True,8,51.04,0.0014992503748125937,7,42.72,0.0004997501249375312,44,84.16000000000001,0.0014992503748125937,0.005681369841395091,0.0021429767286120878,0.005681369841395091,True,True,True,21,74.24000000000001,0.9999856868028033
hip-hop_24_Time_of_Our_Lives_Pitbull,hip-hop,0.40324854850769043,True,7,62.39999999999999,0.017991004497751123,6,59.03999999999999,0.047476261869065464,4,62.400000000000006,0.0010005002501250625,0.05314265943951101,0.12100144617956507,0.003947179068986548,False,False,True,95,88.8,3.541946441030899e-80
hip-hop_25_DJ_Got_Us_Fallin__In_Love__feat__Pitbull__USHER,hip-hop,0.4413127899169922,True,22,72.96000000000001,0.0004997501249375312,23,72.96000000000001,0.011494252873563218,29,86.72,0.1724137931034483,0.0021429767286120878,0.03503010399562123,0.3509199463872304,True,True,False,204,88.8,3.2484663630161384e-53
hip-hop_26_Timber_Pitbull,hip-hop,0.35391950607299805,True,3,2.0799999999999983,nan,2,0.480000000000004,nan,12,79.84,0.10194902548725637,nan,nan,0.23583389028377377,False,False,False,201,89.11999999999999,0.6309871102058255
hip-hop_27_The_Real_Slim_Shady_Eminem,hip-hop,0.49982714653015137,True,286,88.64,0.20389805097451275,286,88.64,0.20389805097451275,58,75.2,0.0014992503748125937,0.402209853977121,0.402209853977121,0.005681369841395091,False,False,True,109,87.68,1.99849925766496e-71
hip-hop_28_Don_t_Bryson_Tiller,hip-hop,0.4052685499191284,True,41,86.39999999999999,0.8500749625187406,40,86.39999999999999,0.7861069465267366,14,61.60000000000001,1.0,1.0,1.0,1.0,False,False,False,230,88.32,1.0015657228397593e-21
hip-hop_29_Ivy_Frank_Ocean,hip-hop,0.31136536598205566,True,142,89.28,0.0814592703648176,142,89.28,0.0814592703648176,26,85.76,0.7781109445277361,0.1930886408647528,0.1930886408647528,1.0,False,False,False,6,82.4,0.1773908715945613
hip-hop_30_The_Thrill_Wiz_Khalifa,hip-hop,0.5099010467529297,True,408,88.96,0.0004997501249375312,408,88.96,0.0004997501249375312,38,84.47999999999999,0.005997001499250375,0.0021429767286120878,0.0021429767286120878,0.01973870207753266,True,True,True,259,89.28,3.210748016439244e-118
hip-hop_31_Sundress_A_AP_Rocky,hip-hop,0.4711494445800781,True,16,66.72,0.0024987506246876563,15,11.519999999999996,0.00849575212393803,12,72.47999999999999,0.0029985007496251873,0.009167390826879555,0.026595397953197313,0.010738288398857813,True,True,True,24,80.64,3.221554336558138e-09
hip-hop_32_Heartless_Kanye_West,hip-hop,0.3973665237426758,True,90,88.0,0.0004997501249375312,90,88.0,0.0004997501249375312,55,57.6,0.32983508245877063,0.0021429767286120878,0.0021429767286120878,0.5801001938055362,True,True,False,142,75.04,3.054182053340508e-14
hip-hop_33_Lost_Frank_Ocean,hip-hop,0.44001197814941406,True,228,89.28,1.0,229,89.28,1.0,21,39.04,0.030984507746126936,1.0,1.0,0.08498607838937675,False,False,False,219,88.80000000000001,0.9999999998330615
hip-hop_34_PRIDE__Kendrick_Lamar,hip-hop,0.4328434467315674,True,138,89.28,1.0,138,89.28,1.0,41,25.6,1.0,1.0,1.0,1.0,False,False,False,207,89.28,2.8581766348703814e-44
hip-hop_35_Hey_Ya__Outkast,hip-hop,0.5703758001327515,True,336,89.28,0.0004997501249375312,336,89.28,0.0004997501249375312,23,75.2,0.08095952023988005,0.0021429767286120878,0.0021429767286120878,0.1930886408647528,True,True,False,135,88.0,0.0011642124507734424
hip-hop_36_Falling_Down_-_Bonus_Track_Lil_Peep,hip-hop,0.45535707473754883,True,360,86.88000000000001,0.0004997501249375312,360,86.88000000000001,0.0004997501249375312,31,61.28,0.0034982508745627187,0.0021429767286120878,0.0021429767286120878,0.012438225331778555,True,True,True,4,6.879999999999999,0.8558280514829136
hip-hop_37_Low__feat__T-Pain__Flo_Rida,hip-hop,0.40700674057006836,True,298,89.28,0.19790104947526238,298,89.28,0.19790104947526238,52,82.56,0.04997501249375312,0.3930724293025901,0.3930724293025901,0.1257013414690035,False,False,False,236,87.52000000000001,0.001982275959990738
hip-hop_38_Till_I_Collapse_Eminem,hip-hop,0.3533027172088623,True,14,78.4,0.0009995002498750624,14,78.4,0.0009995002498750624,87,81.60000000000001,0.5727136431784108,0.003947179068986548,0.003947179068986548,0.9292480520303229,True,True,False,141,88.8,1.460047279120139e-07
hip-hop_39_WAIT_FOR_U__feat__Drake___Tems__Future,hip-hop,0.3498046398162842,True,104,87.36,1.0,105,87.36,1.0,90,82.88000000000001,1.0,1.0,1.0,1.0,False,False,False,136,88.8,1.0
hip-hop_40_Type_Shit_Future,hip-hop,0.3777580261230469,True,63,87.68,0.0004997501249375312,63,87.68,0.0004997501249375312,74,84.0,0.8115942028985508,0.0021429767286120878,0.0021429767286120878,1.0,True,True,False,15,46.4,0.23770197524786219
hip-hop_41_Ms__Jackson_Outkast,hip-hop,0.3985097408294678,True,128,62.559999999999995,0.04047976011994003,127,62.559999999999995,0.04397801099450275,69,86.56,0.26186906546726635,0.10778172557556837,0.11462142232051395,0.4834505824011071,False,False,False,195,79.52,0.1286843541121897
hip-hop_42_I_Wonder_Kanye_West,hip-hop,0.44459664821624756,True,55,74.72000000000001,0.10394802598700649,55,74.72000000000001,0.10394802598700649,25,57.760000000000005,0.2683658170914543,0.23665637536962744,0.23665637536962744,0.4907260655386593,False,False,False,22,71.52000000000001,2.883305398690851e-37
hip-hop_43_Low_Life__feat__The_Weeknd__Future,hip-hop,0.3734114170074463,True,95,84.96,0.0004997501249375312,96,84.96,0.0004997501249375312,65,84.32000000000001,0.1619190404797601,0.0021429767286120878,0.0021429767286120878,0.33791799752297763,True,True,False,151,88.96,3.381240458708122e-64
hip-hop_44_Fuck_Love_XXXTENTACION,hip-hop,0.3997526168823242,True,27,86.08,0.09645177411294353,26,86.08,0.14642678660669664,84,86.4,1.0,0.2267600893430836,0.3147083174830495,1.0,False,False,False,13,86.08,0.002046249308271956
hip-hop_45_nuts_Lil_Peep,hip-hop,0.36149871349334717,True,50,83.68,0.15092453773113443,82,83.68,0.10144927536231885,17,84.0,1.0,0.3219723471597534,0.2356241234221599,1.0,False,False,False,2,0.1599999999999966,nan
hip-hop_46_Money_Trees_Kendrick_Lamar,hip-hop,0.4005526304244995,True,480,89.28,0.05297351324337831,480,89.28,0.05297351324337831,35,87.84,0.39030484757621187,0.1315204466732151,0.1315204466732151,0.6631728383595812,False,False,False,42,85.60000000000001,0.07540242441660235
hip-hop_47_Headlines_Drake,hip-hop,0.44372308254241943,True,5,1.5999999999999943,nan,5,1.5999999999999943,nan,9,1.9199999999999875,nan,nan,nan,nan,False,False,False,9,78.56,0.3679938104737773
hip-hop_48_Novacane_Frank_Ocean,hip-hop,0.40094316005706787,True,165,87.52,0.8285857071464268,165,87.52,0.8285857071464268,79,85.28,0.02148925537231384,1.0,1.0,0.061889055472263865,False,False,False,48,87.2,0.005951240844541963
hip-hop_49_EARFQUAKE_Tyler__The_Creator,hip-hop,0.3857111930847168,True,8,72.8,0.3193403298350825,9,72.8,0.3743128435782109,8,50.56,0.4892553723138431,0.5677161419290355,0.6397750679556363,0.8051745555793531,False,False,False,3,60.32,0.001851493151931304
hip-hop_50_Solo_Future,hip-hop,0.4246213436126709,True,53,89.11999999999999,0.9115442278860569,54,89.11999999999999,0.9355322338830585,31,49.120000000000005,0.999000499750125,1.0,1.0,1.0,False,False,False,2,8.64,nan
reggae_01_Si_Antes_Te_Hubiera_Conocido_KAROL_G,reggae,0.4072573184967041,True,13,30.72,1.0,12,15.679999999999993,1.0,37,82.56,0.999000499750125,1.0,1.0,1.0,False,False,False,172,88.96000000000001,0.08564003690470046
reggae_02_LA_CANCIÓN_J_Balvin,reggae,0.43937063217163086,True,265,88.64,0.0004997501249375312,266,88.64,0.0004997501249375312,89,84.96,0.920039980009995,0.0021429767286120878,0.0021429767286120878,1.0,True,True,False,119,86.24,4.303805557497207e-40
reggae_03_LUNA_Feid,reggae,0.3740891218185425,True,26,84.64,1.0,27,84.64,1.0,24,83.36,0.9095452273863068,1.0,1.0,1.0,False,False,False,3,80.16,nan
reggae_04_Gata_Only_FloyyMenor,reggae,0.4132331609725952,True,13,76.8,0.017991004497751123,13,76.8,0.017991004497751123,5,55.2,0.24387806096951525,0.05314265943951101,0.05314265943951101,0.46245729594219287,False,False,False,33,82.88000000000001,1.0
reggae_05_Moscow_Mule_Bad_Bunny,reggae,0.47774362564086914,True,169,88.32,1.0,169,88.32,1.0,52,86.88,0.009995002498750625,1.0,1.0,0.03095226580258258,False,False,True,146,87.36,1.0
reggae_06_Ojitos_Lindos_Bad_Bunny,reggae,0.37490344047546387,True,7,75.04,0.25837081459270367,6,75.04,0.16691654172913542,19,84.0,0.7251374312843578,0.47852601030674374,0.344198007757687,1.0,False,False,False,138,88.32000000000001,1.1029652942997592e-23
reggae_07_Could_You_Be_Loved_Bob_Marley___The_Wailers,reggae,0.33171093463897705,True,28,82.24000000000001,0.22338830584707647,27,82.24000000000001,0.3058470764617691,14,88.32,0.6261869065467266,0.42606511313879486,0.5471053293229162,0.9991237068446386,False,False,False,17,81.92,0.05227831157084845
reggae_08_Tití_Me_Preguntó_Bad_Bunny,reggae,0.4844849109649658,True,365,88.80000000000001,0.0004997501249375312,365,88.80000000000001,0.0004997501249375312,101,84.48,0.21189405297351324,0.0021429767286120878,0.0021429767286120878,0.41191525449396516,True,True,False,126,85.76,3.4283882394079713e-26
reggae_09_PERRO_NEGRO_Bad_Bunny,reggae,0.46155810356140137,True,79,82.24000000000001,0.0004997501249375312,79,82.24000000000001,0.0004997501249375312,73,88.64,0.6176911544227887,0.0021429767286120878,0.0021429767286120878,0.9883058470764619,True,True,False,80,86.88,0.002291998853871507
reggae_10_Azul_J_Balvin,reggae,0.459669828414917,True,7,16.64,0.8445777111444278,6,15.36,0.8480759620189905,12,19.83999999999999,0.2928535732133933,1.0,1.0,0.5287888970875064,False,False,False,4,2.5600000000000023,nan
reggae_11_Rude_MAGIC_,reggae,0.3314720392227173,True,170,89.28,0.0004997501249375312,170,89.28,0.0004997501249375312,18,84.64,0.0004997501249375312,0.0021429767286120878,0.0021429767286120878,0.0021429767286120878,True,True,True,5,70.88000000000001,0.00036775320160123035
reggae_12_X__feat__Maluma___Ozuna__-_Remix_Nicky_Jam,reggae,0.42288875579833984,True,3,0.32000000000000006,nan,4,52.64,0.959479739869935,13,76.96,0.9750124937531235,nan,1.0,1.0,False,False,False,13,53.279999999999994,3.0340224363905076e-09
reggae_13_Me_Porto_Bonito_Bad_Bunny,reggae,0.6603809595108032,True,285,87.67999999999999,0.9975012493753124,285,87.67999999999999,0.9975012493753124,24,10.399999999999999,0.1519240379810095,1.0,1.0,0.3229086563729206,False,False,False,17,83.84,0.00037560379739164595
reggae_14_Dile_Don_Omar,reggae,0.5248123407363892,True,395,89.28,1.0,395,89.28,1.0,72,75.36000000000001,0.13893053473263367,1.0,1.0,0.30312116668938255,False,False,False,58,75.36,2.6279192795584247e-07
reggae_15_PROVENZA_KAROL_G,reggae,0.3177732229232788,True,139,89.28,0.26436781609195403,139,89.28,0.26436781609195403,43,84.48,0.607696151924038,0.48495497474192845,0.48495497474192845,0.9777457639895137,False,False,False,10,52.0,6.446772963110466e-07
reggae_16_No_Me_Conoce_-_Remix_JHAYCO,reggae,0.4470174312591553,True,28,78.24,0.1184407796101949,29,86.4,0.22088955522238882,29,86.56,1.0,0.26545482122751857,0.42410794602698654,1.0,False,False,False,276,88.64,0.2009366012940485
reggae_17_AMARGURA_KAROL_G,reggae,0.39704370498657227,True,95,83.68,0.0004997501249375312,94,83.68,0.0004997501249375312,31,64.8,0.04997501249375312,0.0021429767286120878,0.0021429767286120878,0.1257013414690035,True,True,False,2,48.48,nan
reggae_18_Borro_Cassette_Maluma,reggae,0.4223349094390869,True,84,84.64,1.0,84,84.64,1.0,6,16.32,0.25487256371814093,1.0,1.0,0.47664479448587393,False,False,False,2,10.880000000000003,nan
reggae_19_Me_Rehúso_Danny_Ocean,reggae,0.4358706474304199,True,402,88.80000000000001,1.0,403,88.80000000000001,1.0,92,85.28,0.6526736631684158,1.0,1.0,1.0,False,False,False,3,45.76,0.0070990635373815196
reggae_20_Santeria_Sublime,reggae,0.3057749271392822,True,79,83.84,0.7106446776611695,79,83.84,0.7106446776611695,14,79.2,0.10694652673663169,1.0,1.0,0.24157333098156805,False,False,False,4,27.199999999999996,0.79848157985922
reggae_21_LOKERA_Rauw_Alejandro,reggae,0.4005911350250244,True,39,87.52,0.12543728135932034,38,87.52,0.13993003498250875,34,89.28,0.031484257871064465,0.27789182331910967,0.3041498118865096,0.0859475475532376,False,False,False,234,88.16,1.0
reggae_22_Efecto_Bad_Bunny,reggae,0.4094352722167969,True,363,89.28,1.0,363,89.28,1.0,86,83.2,1.0,1.0,1.0,1.0,False,False,False,140,87.19999999999999,1.0
reggae_23_Otro_Atardecer_Bad_Bunny,reggae,0.36654162406921387,True,9,86.72,0.7891054472763618,10,86.72,0.8310844577711144,49,82.08000000000001,0.9330334832583708,1.0,1.0,1.0,False,False,False,60,87.2,1.0
reggae_24_QLONA_KAROL_G,reggae,0.3885660171508789,True,269,88.80000000000001,0.0004997501249375312,269,88.80000000000001,0.0004997501249375312,52,81.92,0.12993503248375812,0.0021429767286120878,0.0021429767286120878,0.28565869736887284,True,True,False,3,31.040000000000003,nan
reggae_25_TQG_KAROL_G,reggae,0.24407267570495605,True,3,50.24,0.2049221496735309,2,47.52,0.2886540600667408,19,61.12,0.0004997501249375312,0.40241103937827005,0.5228450899322098,0.0021429767286120878,False,False,True,3,47.52,0.26778462847122153
reggae_26_Se_Preparó_Ozuna,reggae,0.393660306930542,True,439,88.80000000000001,0.05897051474262868,439,88.80000000000001,0.05897051474262868,127,88.64,0.0014992503748125937,0.1451581901357014,0.1451581901357014,0.005681369841395091,False,False,True,224,87.52000000000001,1.4084982622872308e-06
reggae_27_MOJABI_GHOST_Tainy,reggae,0.49106407165527344,True,437,89.28,1.0,437,89.28,1.0,28,27.84,1.0,1.0,1.0,1.0,False,False,False,16,85.28,0.00938069764139924
reggae_28_PELIGROSA_FloyyMenor,reggae,0.3440837860107422,True,43,67.2,0.0004997501249375312,43,67.2,0.0004997501249375312,32,48.160000000000004,0.6301849075462269,0.0021429767286120878,0.0021429767286120878,1.0,True,True,False,13,12.0,4.280923085185403e-08
reggae_29_LALA_Myke_Towers,reggae,0.5553853511810303,True,532,89.28,1.0,532,89.28,1.0,61,86.88,0.5747126436781609,1.0,1.0,0.9298721425803951,False,False,False,10,70.4,0.5826589362418415
reggae_30_frente_al_mar_Beéle,reggae,0.4054758548736572,True,138,88.16000000000001,1.0,138,88.16000000000001,1.0,23,52.800000000000004,0.7041479260369815,1.0,1.0,1.0,False,False,False,226,89.28,1.0
reggae_31_Desenfocao__Rauw_Alejandro,reggae,0.43576884269714355,True,133,88.96000000000001,1.0,133,88.96000000000001,1.0,107,88.32,0.4752623688155922,1.0,1.0,0.7889081395901473,False,False,False,185,88.96,1.0
reggae_32_La_Old_Skul_Rauw_Alejandro,reggae,0.42954492568969727,True,228,88.64,1.0,228,88.64,1.0,43,74.24,1.0,1.0,1.0,1.0,False,False,False,19,88.47999999999999,8.776076700027891e-17
reggae_33_Todo_De_Ti_Rauw_Alejandro,reggae,0.3917388916015625,True,35,73.6,0.0004997501249375312,36,75.03999999999999,0.0004997501249375312,4,68.0,0.0005002501250625312,0.0021429767286120878,0.0021429767286120878,0.0021429767286120878,True,True,True,133,87.36,1.0
reggae_34_Desesperados_Rauw_Alejandro,reggae,0.5140843391418457,True,33,87.36,0.6481759120439781,33,87.36,0.6481759120439781,34,80.48,0.14442778610694654,1.0,1.0,0.3115745498037498,False,False,False,64,88.0,0.0014072244766173136
reggae_35_QUE_PRETENDES_J_Balvin,reggae,0.6501884460449219,True,69,86.72,0.25737131434282856,69,86.72,0.25737131434282856,92,72.8,0.0069965017491254375,0.47821250664990084,0.47821250664990084,0.0227682768785099,False,False,True,94,88.64,0.8261908339457397
reggae_36_Salió_El_Sol_Don_Omar,reggae,0.3290449380874634,True,236,88.32000000000001,0.044977511244377814,236,88.32000000000001,0.044977511244377814,53,87.36,0.7341329335332334,0.11617509630834807,0.11617509630834807,1.0,False,False,False,19,81.28,0.12350324441665461
reggae_37_MI_EX_TENÍA_RAZÓN_KAROL_G,reggae,0.3988626003265381,True,110,54.4,1.0,110,54.4,1.0,70,22.559999999999995,1.0,1.0,1.0,1.0,False,False,False,12,74.56,0.0005589394141721217
reggae_38_Hawái_Maluma,reggae,0.39170122146606445,True,246,88.0,1.0,246,88.0,1.0,20,80.0,0.6921539230384808,1.0,1.0,1.0,False,False,False,4,16.640000000000004,0.16713011793275107
reggae_39_La_Santa_Bad_Bunny,reggae,0.4817013740539551,True,170,88.96000000000001,0.0004997501249375312,170,88.96000000000001,0.0004997501249375312,55,87.84,0.0029985007496251873,0.0021429767286120878,0.0021429767286120878,0.010738288398857813,True,True,True,20,87.68,1.64039648444691e-06
reggae_40_El_Perdedor_Maluma,reggae,0.36638498306274414,True,83,87.52,0.00849575212393803,83,87.52,0.00849575212393803,20,88.32000000000001,0.04847576211894053,0.026595397953197313,0.026595397953197313,0.12300457700665086,True,True,False,221,88.32000000000001,0.3857535417686479
reggae_41_Hey_Mor_Ozuna,reggae,0.4718198776245117,True,25,82.08000000000001,0.0014992503748125937,25,82.08000000000001,0.0014992503748125937,35,67.36000000000001,0.0004997501249375312,0.005681369841395091,0.005681369841395091,0.0021429767286120878,True,True,True,21,85.11999999999999,0.9999999999791368
reggae_42_Feliz_Cumpleaños_Ferxxo_Feid,reggae,0.41456711292266846,True,76,82.39999999999999,0.9835082458770614,77,82.39999999999999,0.9790104947526237,41,83.03999999999999,0.7731134432783608,1.0,1.0,1.0,False,False,False,18,53.76,1.4288287611288718e-12
reggae_43_It_Wasn_t_Me_Shaggy,reggae,0.526807427406311,True,455,89.12,0.19290354822588707,455,89.12,0.19290354822588707,73,75.84,0.0004997501249375312,0.38580709645177413,0.38580709645177413,0.0021429767286120878,False,False,True,95,88.0,1.0
reggae_44_Three_Little_Birds_Bob_Marley___The_Wailers,reggae,0.3642512559890747,True,9,86.88,0.35732133933033483,10,86.88,0.25487256371814093,26,70.56,0.12443778110944528,0.6218039016745404,0.47664479448587393,0.2767419379113532,False,False,False,102,88.96000000000001,9.141203339556913e-15
reggae_45_Is_This_Love_Bob_Marley___The_Wailers,reggae,0.319247841835022,True,70,88.48,0.7156421789105447,70,88.48,0.7156421789105447,10,85.60000000000001,0.9900049975012494,1.0,1.0,1.0,False,False,False,17,73.44,0.9997459896779736
reggae_46_Jamming_Bob_Marley___The_Wailers,reggae,0.3566967248916626,True,101,89.12,0.0004997501249375312,101,89.12,0.0004997501249375312,33,89.12,0.0004997501249375312,0.0021429767286120878,0.0021429767286120878,0.0021429767286120878,True,True,True,5,66.08,0.5378012455564003
reggae_47_Angel_Shaggy,reggae,0.38779163360595703,True,27,84.47999999999999,0.9230384807596201,24,84.47999999999999,0.9070464767616192,59,88.32,0.05147426286856572,1.0,1.0,0.12890945831432113,False,False,False,72,84.8,0.7983116061552545
reggae_48_Baby__I_Love_Your_Way_Big_Mountain,reggae,0.2891124486923218,True,8,40.8,0.2983508245877061,9,40.8,0.2993503248375812,28,57.12,0.03248375812093953,0.5370314842578711,0.5371519847552859,0.08825775791349608,False,False,False,21,50.08,0.0005532618258020512
reggae_49_Red_Red_Wine_UB40,reggae,0.42823803424835205,True,373,88.8,0.0004997501249375312,373,88.8,0.0004997501249375312,95,84.96,0.9505247376311844,0.0021429767286120878,0.0021429767286120878,1.0,True,True,False,2,4.0,nan
reggae_50_Closer_to_the_Sun_Slightly_Stoopid,reggae,0.3397367000579834,True,281,89.28,0.816591704147926,281,89.28,0.816591704147926,83,87.52000000000001,0.0009995002498750624,1.0,1.0,0.003947179068986548,False,False,True,11,33.599999999999994,0.6510174253540103
