family,test,scope,p_raw,p_fdr,significant_fdr,significant_raw
controls_shuffle,wilcoxon_shuffle_gt_within,mert,0.0,0.0,True,True
controls_persistence,wilcoxon_maxpers_real_vs_random,mert,2.0471162880343157e-147,2.7294883840457545e-147,True,True
controls_persistence,wilcoxon_maxpers_real_vs_shuffle,mert,4.841510660061755e-165,1.2988534531205466e-164,True,True
controls_shuffle,wilcoxon_shuffle_gt_within,muq,0.0,0.0,True,True
controls_persistence,wilcoxon_maxpers_real_vs_random,muq,7.730869296508756e-156,1.236939087441401e-155,True,True
controls_persistence,wilcoxon_maxpers_real_vs_shuffle,muq,4.841510660061755e-165,1.2988534531205466e-164,True,True
controls_shuffle,wilcoxon_shuffle_gt_within,encodec,0.0,0.0,True,True
controls_persistence,wilcoxon_maxpers_real_vs_random,encodec,1.4647579226386392e-133,1.6740090544441592e-133,True,True
controls_persistence,wilcoxon_maxpers_real_vs_shuffle,encodec,1.979607227476678e-164,3.959214454953356e-164,True,True
controls_shuffle,wilcoxon_shuffle_gt_within,mir,0.0,0.0,True,True
controls_persistence,wilcoxon_maxpers_real_vs_random,mir,5.617967090687014e-105,5.617967090687014e-105,True,True
controls_persistence,wilcoxon_maxpers_real_vs_shuffle,mir,4.87070044920205e-165,1.2988534531205466e-164,True,True
mantel,mantel_permutation,mert_vs_muq,0.0001,0.00015000000000000001,True,True
mantel,mantel_permutation,mert_vs_encodec,0.7553,0.7553,False,False
mantel,mantel_permutation,muq_vs_encodec,0.0001,0.00015000000000000001,True,True
chroma_loop_cycle,p_dio_cy,pop_01_BIRDS_OF_A_FEATHER_Billie_Eilish,1.0,1.0,False,False
chroma_loop_deprecated,p_ripser_co,pop_01_BIRDS_OF_A_FEATHER_Billie_Eilish,1.0,1.0,False,False
chroma_loop_deprecated,p_dio_co,pop_01_BIRDS_OF_A_FEATHER_Billie_Eilish,1.0,1.0,False,False
chroma_loop_deprecated,prev_p,pop_01_BIRDS_OF_A_FEATHER_Billie_Eilish,6.177050541703713e-109,2.1812709725391238e-107,True,True
chroma_loop_cycle,p_dio_cy,pop_02_Die_With_A_Smile_Lady_Gaga,1.0,1.0,False,False
chroma_loop_deprecated,p_ripser_co,pop_02_Die_With_A_Smile_Lady_Gaga,1.0,1.0,False,False
chroma_loop_deprecated,p_dio_co,pop_02_Die_With_A_Smile_Lady_Gaga,1.0,1.0,False,False
chroma_loop_deprecated,prev_p,pop_02_Die_With_A_Smile_Lady_Gaga,0.4963272536368223,0.7768002723124782,False,False
chroma_loop_cycle,p_dio_cy,pop_03_WILDFLOWER_Billie_Eilish,1.0,1.0,False,False
chroma_loop_deprecated,p_ripser_co,pop_03_WILDFLOWER_Billie_Eilish,1.0,1.0,False,False
chroma_loop_deprecated,p_dio_co,pop_03_WILDFLOWER_Billie_Eilish,1.0,1.0,False,False
chroma_loop_deprecated,prev_p,pop_03_WILDFLOWER_Billie_Eilish,0.1115881880001709,0.21891432715311304,False,False
chroma_loop_cycle,p_dio_cy,pop_04_Good_Luck__Babe__Chappell_Roan,0.1584207896051974,0.3612311491313167,False,False
chroma_loop_deprecated,p_ripser_co,pop_04_Good_Luck__Babe__Chappell_Roan,0.5422288855572214,0.8370473233328691,False,False
chroma_loop_deprecated,p_dio_co,pop_04_Good_Luck__Babe__Chappell_Roan,0.5422288855572214,0.8370473233328691,False,False
chroma_loop_deprecated,prev_p,pop_04_Good_Luck__Babe__Chappell_Roan,0.9999999663764568,1.0,False,False
chroma_loop_cycle,p_dio_cy,pop_05_One_Of_The_Girls__with_JENNIE__Lily_Rose_Depp__The_Weeknd,0.1054472763618191,0.2811927369648509,False,False
chroma_loop_deprecated,p_ripser_co,pop_05_One_Of_The_Girls__with_JENNIE__Lily_Rose_Depp__The_Weeknd,0.0004997501249375,0.0015506939698587215,True,True
chroma_loop_deprecated,p_dio_co,pop_05_One_Of_The_Girls__with_JENNIE__Lily_Rose_Depp__The_Weeknd,0.0004997501249375,0.0015506939698587215,True,True
chroma_loop_deprecated,prev_p,pop_05_One_Of_The_Girls__with_JENNIE__Lily_Rose_Depp__The_Weeknd,0.5106285262274171,0.7969754622057752,False,False
chroma_loop_cycle,p_dio_cy,pop_06_No_One_Noticed_The_Marías,0.1434282858570714,0.3510143662346042,False,False
chroma_loop_deprecated,p_ripser_co,pop_06_No_One_Noticed_The_Marías,0.0004997501249375,0.0015506939698587215,True,True
chroma_loop_deprecated,p_dio_co,pop_06_No_One_Noticed_The_Marías,0.0004997501249375,0.0015506939698587215,True,True
chroma_loop_deprecated,prev_p,pop_06_No_One_Noticed_The_Marías,0.9866144850907342,1.0,False,False
chroma_loop_cycle,p_dio_cy,pop_07_Beautiful_Things_Benson_Boone,0.487256371814093,0.8313011635775034,False,False
chroma_loop_deprecated,p_ripser_co,pop_07_Beautiful_Things_Benson_Boone,1.0,1.0,False,False
chroma_loop_deprecated,p_dio_co,pop_07_Beautiful_Things_Benson_Boone,0.9985007496251874,1.0,False,False
chroma_loop_deprecated,prev_p,pop_07_Beautiful_Things_Benson_Boone,2.240047313734077e-40,4.0826668782572693e-39,True,True
chroma_loop_cycle,p_dio_cy,pop_08_Iris_The_Goo_Goo_Dolls,0.0004997501249375,0.0030015007503750002,True,True
chroma_loop_deprecated,p_ripser_co,pop_08_Iris_The_Goo_Goo_Dolls,0.0004997501249375,0.0015506939698587215,True,True
chroma_loop_deprecated,p_dio_co,pop_08_Iris_The_Goo_Goo_Dolls,0.0004997501249375,0.0015506939698587215,True,True
chroma_loop_deprecated,prev_p,pop_08_Iris_The_Goo_Goo_Dolls,0.0199974468616816,0.04747293057500043,True,True
chroma_loop_cycle,p_dio_cy,pop_09_Sailor_Song_Gigi_Perez,0.2713643178410794,0.5196609615984088,False,False
chroma_loop_deprecated,p_ripser_co,pop_09_Sailor_Song_Gigi_Perez,0.0004997501249375,0.0015506939698587215,True,True
chroma_loop_deprecated,p_dio_co,pop_09_Sailor_Song_Gigi_Perez,0.0004997501249375,0.0015506939698587215,True,True
chroma_loop_cycle,p_dio_cy,pop_10_Sweater_Weather_The_Neighbourhood,0.0004997501249375,0.0030015007503750002,True,True
chroma_loop_deprecated,p_ripser_co,pop_10_Sweater_Weather_The_Neighbourhood,0.3663168415792104,0.5981763453533349,False,False
chroma_loop_deprecated,p_dio_co,pop_10_Sweater_Weather_The_Neighbourhood,0.3663168415792104,0.5981763453533349,False,False
chroma_loop_deprecated,prev_p,pop_10_Sweater_Weather_The_Neighbourhood,3.533498627334529e-143,1.53571286495693e-141,True,True
chroma_loop_cycle,p_dio_cy,pop_11_Yellow_Coldplay,0.0074962518740629,0.028785607196401535,True,True
chroma_loop_deprecated,p_ripser_co,pop_11_Yellow_Coldplay,1.0,1.0,False,False
chroma_loop_deprecated,p_dio_co,pop_11_Yellow_Coldplay,1.0,1.0,False,False
chroma_loop_deprecated,prev_p,pop_11_Yellow_Coldplay,0.1024260338404788,0.20449013823275802,False,False
chroma_loop_cycle,p_dio_cy,pop_12_party_4_u_Charli_xcx,0.0004997501249375,0.0030015007503750002,True,True
chroma_loop_deprecated,p_ripser_co,pop_12_party_4_u_Charli_xcx,0.0004997501249375,0.0015506939698587215,True,True
chroma_loop_deprecated,p_dio_co,pop_12_party_4_u_Charli_xcx,0.0004997501249375,0.0015506939698587215,True,True
chroma_loop_deprecated,p_ripser_co,pop_13_Taste_Sabrina_Carpenter,0.9975012493753124,1.0,False,False
chroma_loop_deprecated,p_dio_co,pop_13_Taste_Sabrina_Carpenter,0.9975012493753124,1.0,False,False
chroma_loop_deprecated,prev_p,pop_13_Taste_Sabrina_Carpenter,0.0039108432721596,0.01067452390710229,True,True
chroma_loop_cycle,p_dio_cy,pop_14_Stargazing_Myles_Smith,0.9025487256371814,1.0,False,False
chroma_loop_deprecated,p_ripser_co,pop_14_Stargazing_Myles_Smith,0.1749125437281359,0.32508416844209465,False,False
chroma_loop_deprecated,p_dio_co,pop_14_Stargazing_Myles_Smith,0.1324337831084457,0.2536443642585485,False,False
chroma_loop_deprecated,prev_p,pop_14_Stargazing_Myles_Smith,0.8020010944875988,1.0,False,False
chroma_loop_cycle,p_dio_cy,pop_15_Apocalypse_Cigarettes_After_Sex,0.0019990004997501,0.009595202398800481,True,True
chroma_loop_deprecated,p_ripser_co,pop_15_Apocalypse_Cigarettes_After_Sex,0.0109945027486256,0.026891316246638375,True,True
chroma_loop_deprecated,p_dio_co,pop_15_Apocalypse_Cigarettes_After_Sex,0.0109945027486256,0.026891316246638375,True,True
chroma_loop_deprecated,prev_p,pop_15_Apocalypse_Cigarettes_After_Sex,0.8758342402610798,1.0,False,False
chroma_loop_cycle,p_dio_cy,pop_16_CHIHIRO_Billie_Eilish,0.0004997501249375,0.0030015007503750002,True,True
chroma_loop_deprecated,p_ripser_co,pop_16_CHIHIRO_Billie_Eilish,0.0004997501249375,0.0015506939698587215,True,True
chroma_loop_deprecated,p_dio_co,pop_16_CHIHIRO_Billie_Eilish,0.0004997501249375,0.0015506939698587215,True,True
chroma_loop_deprecated,prev_p,pop_16_CHIHIRO_Billie_Eilish,1.961004156722393e-27,2.9157035488109265e-26,True,True
chroma_loop_cycle,p_dio_cy,pop_17_Espresso_Sabrina_Carpenter,0.1555777888944472,0.3612311491313167,False,False
chroma_loop_deprecated,p_dio_co,pop_17_Espresso_Sabrina_Carpenter,0.3098945253641386,0.5180189551205275,False,False
chroma_loop_deprecated,prev_p,pop_17_Espresso_Sabrina_Carpenter,0.0320619200254286,0.07245993925746863,False,True
chroma_loop_cycle,p_dio_cy,pop_18_End_of_Beginning_Djo,0.9320339830084956,1.0,False,False
chroma_loop_deprecated,p_ripser_co,pop_18_End_of_Beginning_Djo,0.0004997501249375,0.0015506939698587215,True,True
chroma_loop_deprecated,p_dio_co,pop_18_End_of_Beginning_Djo,0.0004997501249375,0.0015506939698587215,True,True
chroma_loop_deprecated,prev_p,pop_18_End_of_Beginning_Djo,0.9999999999958584,1.0,False,False
chroma_loop_deprecated,p_ripser_co,pop_19_Cruel_Summer_Taylor_Swift,0.1014492753623188,0.20325829992805008,False,False
chroma_loop_deprecated,p_dio_co,pop_19_Cruel_Summer_Taylor_Swift,0.1264367816091954,0.24381154132831193,False,False
chroma_loop_deprecated,prev_p,pop_19_Cruel_Summer_Taylor_Swift,2.5265450426353584e-45,5.098206961032062e-44,True,True
chroma_loop_cycle,p_dio_cy,pop_20_Messy_Lola_Young,1.0,1.0,False,False
chroma_loop_deprecated,p_ripser_co,pop_20_Messy_Lola_Young,1.0,1.0,False,False
chroma_loop_deprecated,p_dio_co,pop_20_Messy_Lola_Young,1.0,1.0,False,False
chroma_loop_deprecated,prev_p,pop_20_Messy_Lola_Young,0.2818189144391071,0.47816122119548204,False,False
chroma_loop_cycle,p_dio_cy,pop_21_Blinding_Lights_The_Weeknd,0.7131434282858571,1.0,False,False
chroma_loop_deprecated,p_ripser_co,pop_21_Blinding_Lights_The_Weeknd,0.9995002498750624,1.0,False,False
chroma_loop_deprecated,p_dio_co,pop_21_Blinding_Lights_The_Weeknd,0.9995002498750624,1.0,False,False
chroma_loop_deprecated,prev_p,pop_21_Blinding_Lights_The_Weeknd,0.029951631425378,0.06837999915281398,False,True
chroma_loop_cycle,p_dio_cy,pop_22_Starboy_The_Weeknd,1.0,1.0,False,False
chroma_loop_deprecated,p_ripser_co,pop_22_Starboy_The_Weeknd,1.0,1.0,False,False
chroma_loop_deprecated,p_dio_co,pop_22_Starboy_The_Weeknd,1.0,1.0,False,False
chroma_loop_deprecated,prev_p,pop_22_Starboy_The_Weeknd,1.0,1.0,False,False
chroma_loop_cycle,p_dio_cy,pop_23_Feel_It__From__Invincible___d4vd,0.1579210394802598,0.3612311491313167,False,False
chroma_loop_deprecated,p_ripser_co,pop_23_Feel_It__From__Invincible___d4vd,0.0004997501249375,0.0015506939698587215,True,True
chroma_loop_deprecated,p_dio_co,pop_23_Feel_It__From__Invincible___d4vd,0.0019990004997501,0.005619081006760232,True,True
chroma_loop_deprecated,prev_p,pop_23_Feel_It__From__Invincible___d4vd,1.0,1.0,False,False
chroma_loop_cycle,p_dio_cy,pop_24_Snooze_SZA,0.0344827586206896,0.10853589598643285,False,True
chroma_loop_deprecated,p_ripser_co,pop_24_Snooze_SZA,0.1034482758620689,0.2046363577792983,False,False
chroma_loop_deprecated,p_dio_co,pop_24_Snooze_SZA,0.1034482758620689,0.2046363577792983,False,False
chroma_loop_deprecated,prev_p,pop_24_Snooze_SZA,5.56478385503224e-07,4.556670837816254e-06,True,True
chroma_loop_cycle,p_dio_cy,pop_25_greedy_Tate_McRae,0.9965017491254372,1.0,False,False
chroma_loop_deprecated,p_ripser_co,pop_25_greedy_Tate_McRae,0.0074962518740629,0.018992745779576405,True,True
chroma_loop_deprecated,p_dio_co,pop_25_greedy_Tate_McRae,0.0074962518740629,0.018992745779576405,True,True
chroma_loop_deprecated,prev_p,pop_25_greedy_Tate_McRae,0.8852562087975238,1.0,False,False
chroma_loop_cycle,p_dio_cy,pop_26_Viva_La_Vida_Coldplay,0.9735132433783108,1.0,False,False
chroma_loop_deprecated,p_ripser_co,pop_26_Viva_La_Vida_Coldplay,0.2228885557221389,0.39441997751124425,False,False
chroma_loop_deprecated,p_dio_co,pop_26_Viva_La_Vida_Coldplay,0.2123938030984507,0.3809603134940465,False,False
chroma_loop_cycle,p_dio_cy,pop_27_Unwritten_Natasha_Bedingfield,0.9050474762618692,1.0,False,False
chroma_loop_deprecated,p_ripser_co,pop_27_Unwritten_Natasha_Bedingfield,0.04047976011994,0.09004356089671692,False,True
chroma_loop_deprecated,p_dio_co,pop_27_Unwritten_Natasha_Bedingfield,0.025487256371814,0.05926049321018482,False,True
chroma_loop_deprecated,prev_p,pop_27_Unwritten_Natasha_Bedingfield,0.9994734989003038,1.0,False,False
chroma_loop_cycle,p_dio_cy,pop_28_Locked_out_of_Heaven_Bruno_Mars,0.15992003998001,0.3612311491313167,False,False
chroma_loop_deprecated,p_ripser_co,pop_28_Locked_out_of_Heaven_Bruno_Mars,0.8510744627686156,1.0,False,False
chroma_loop_deprecated,p_dio_co,pop_28_Locked_out_of_Heaven_Bruno_Mars,0.8510744627686156,1.0,False,False
chroma_loop_deprecated,prev_p,pop_28_Locked_out_of_Heaven_Bruno_Mars,2.8211604953157945e-12,2.7481994480231446e-11,True,True
chroma_loop_cycle,p_dio_cy,pop_29_Something_Just_Like_This_The_Chainsmokers,0.0004997501249375,0.0030015007503750002,True,True
chroma_loop_deprecated,p_ripser_co,pop_29_Something_Just_Like_This_The_Chainsmokers,0.0004997501249375,0.0015506939698587215,True,True
chroma_loop_deprecated,p_dio_co,pop_29_Something_Just_Like_This_The_Chainsmokers,0.0004997501249375,0.0015506939698587215,True,True
chroma_loop_deprecated,prev_p,pop_29_Something_Just_Like_This_The_Chainsmokers,0.0,0.0,True,True
chroma_loop_cycle,p_dio_cy,pop_30_As_It_Was_Harry_Styles,1.0,1.0,False,False
chroma_loop_deprecated,p_ripser_co,pop_30_As_It_Was_Harry_Styles,1.0,1.0,False,False
chroma_loop_deprecated,p_dio_co,pop_30_As_It_Was_Harry_Styles,1.0,1.0,False,False
chroma_loop_deprecated,prev_p,pop_30_As_It_Was_Harry_Styles,6.134461572929605e-22,7.877206337966425e-21,True,True
chroma_loop_cycle,p_dio_cy,pop_31_Give_Me_Everything__feat__Nayer__Pitbull,0.9895052473763118,1.0,False,False
chroma_loop_deprecated,p_ripser_co,pop_31_Give_Me_Everything__feat__Nayer__Pitbull,0.0301356102461074,0.06837999915281398,False,True
chroma_loop_deprecated,prev_p,pop_31_Give_Me_Everything__feat__Nayer__Pitbull,0.9812087947051936,1.0,False,False
chroma_loop_cycle,p_dio_cy,pop_32_Pink_Pony_Club_Chappell_Roan,0.0004997501249375,0.0030015007503750002,True,True
chroma_loop_deprecated,p_ripser_co,pop_32_Pink_Pony_Club_Chappell_Roan,0.0004997501249375,0.0015506939698587215,True,True
chroma_loop_deprecated,p_dio_co,pop_32_Pink_Pony_Club_Chappell_Roan,0.0004997501249375,0.0015506939698587215,True,True
chroma_loop_deprecated,prev_p,pop_32_Pink_Pony_Club_Chappell_Roan,0.9999517867272678,1.0,False,False
chroma_loop_cycle,p_dio_cy,pop_33_Slow_It_Down_Benson_Boone,0.9150424787606196,1.0,False,False
chroma_loop_deprecated,p_ripser_co,pop_33_Slow_It_Down_Benson_Boone,0.8530734632683659,1.0,False,False
chroma_loop_deprecated,p_dio_co,pop_33_Slow_It_Down_Benson_Boone,0.8530734632683659,1.0,False,False
chroma_loop_deprecated,prev_p,pop_33_Slow_It_Down_Benson_Boone,3.001223955006594e-09,2.7648752847752203e-08,True,True
chroma_loop_cycle,p_dio_cy,pop_34_Everybody_Wants_To_Rule_The_World_Tears_For_Fears,0.6846576711644178,1.0,False,False
chroma_loop_deprecated,p_ripser_co,pop_34_Everybody_Wants_To_Rule_The_World_Tears_For_Fears,0.0359820089955022,0.08099535889425794,False,True
chroma_loop_deprecated,p_dio_co,pop_34_Everybody_Wants_To_Rule_The_World_Tears_For_Fears,0.0409795102448775,0.09009114119982796,False,True
chroma_loop_cycle,p_dio_cy,pop_35_One_Dance_Drake,0.0004997501249375,0.0030015007503750002,True,True
chroma_loop_deprecated,p_ripser_co,pop_35_One_Dance_Drake,0.0004997501249375,0.0015506939698587215,True,True
chroma_loop_deprecated,p_dio_co,pop_35_One_Dance_Drake,0.0004997501249375,0.0015506939698587215,True,True
chroma_loop_deprecated,prev_p,pop_35_One_Dance_Drake,0.0,0.0,True,True
chroma_loop_cycle,p_dio_cy,pop_36_Heat_Waves_Glass_Animals,1.0,1.0,False,False
chroma_loop_deprecated,p_ripser_co,pop_36_Heat_Waves_Glass_Animals,0.8910544727636182,1.0,False,False
chroma_loop_deprecated,p_dio_co,pop_36_Heat_Waves_Glass_Animals,0.8910544727636182,1.0,False,False
chroma_loop_deprecated,prev_p,pop_36_Heat_Waves_Glass_Animals,0.042159315791957,0.09232563342037095,False,True
chroma_loop_cycle,p_dio_cy,pop_37_Here_With_Me_d4vd,0.8855572213893054,1.0,False,False
chroma_loop_deprecated,p_ripser_co,pop_37_Here_With_Me_d4vd,0.0155700652938222,0.03759438842311771,True,True
chroma_loop_deprecated,p_dio_co,pop_37_Here_With_Me_d4vd,0.0239154616240266,0.055835685196591024,False,True
chroma_loop_deprecated,prev_p,pop_37_Here_With_Me_d4vd,4.119101470010804e-56,9.309169322224417e-55,True,True
chroma_loop_cycle,p_dio_cy,pop_38_That_s_What_I_Like_Bruno_Mars,0.0049975012493753,0.02041532425276718,True,True
chroma_loop_deprecated,prev_p,pop_38_That_s_What_I_Like_Bruno_Mars,0.1579416892280841,0.2984516870029014,False,False
chroma_loop_cycle,p_dio_cy,pop_39_Cry_Cigarettes_After_Sex,0.0194902548725637,0.0692986839913376,False,True
chroma_loop_deprecated,p_ripser_co,pop_39_Cry_Cigarettes_After_Sex,0.3618190904547726,0.594266820078333,False,False
chroma_loop_deprecated,p_dio_co,pop_39_Cry_Cigarettes_After_Sex,0.3768115942028985,0.6065485775630702,False,False
chroma_loop_deprecated,prev_p,pop_39_Cry_Cigarettes_After_Sex,0.9998952188822728,1.0,False,False
chroma_loop_cycle,p_dio_cy,pop_40_Closer_The_Chainsmokers,0.0004997501249375,0.0030015007503750002,True,True
chroma_loop_deprecated,p_ripser_co,pop_40_Closer_The_Chainsmokers,0.6936531734132934,1.0,False,False
chroma_loop_deprecated,p_dio_co,pop_40_Closer_The_Chainsmokers,0.6936531734132934,1.0,False,False
chroma_loop_deprecated,prev_p,pop_40_Closer_The_Chainsmokers,0.0,0.0,True,True
chroma_loop_cycle,p_dio_cy,pop_41_I_Had_Some_Help__Feat__Morgan_Wallen__Post_Malone,0.1659170414792603,0.3630911816818863,False,False
chroma_loop_deprecated,p_ripser_co,pop_41_I_Had_Some_Help__Feat__Morgan_Wallen__Post_Malone,0.9490254872563718,1.0,False,False
chroma_loop_deprecated,p_dio_co,pop_41_I_Had_Some_Help__Feat__Morgan_Wallen__Post_Malone,0.9490254872563718,1.0,False,False
chroma_loop_deprecated,prev_p,pop_41_I_Had_Some_Help__Feat__Morgan_Wallen__Post_Malone,0.2694581547286642,0.45856583560751585,False,False
chroma_loop_cycle,p_dio_cy,pop_42_Ribs_Lorde,0.0924537731134432,0.2535874919683014,False,False
chroma_loop_deprecated,p_ripser_co,pop_42_Ribs_Lorde,0.0024987506246876,0.006886800502187775,True,True
chroma_loop_deprecated,p_dio_co,pop_42_Ribs_Lorde,0.0099950024987506,0.024660159003467633,True,True
chroma_loop_deprecated,prev_p,pop_42_Ribs_Lorde,5.935820642911371e-77,1.6768693316224622e-75,True,True
chroma_loop_cycle,p_dio_cy,pop_43_Stick_Season_Noah_Kahan,0.1494252873563218,0.3586206896551723,False,False
chroma_loop_deprecated,p_ripser_co,pop_43_Stick_Season_Noah_Kahan,0.5637181409295352,0.8678494540195841,False,False
chroma_loop_deprecated,p_dio_co,pop_43_Stick_Season_Noah_Kahan,0.5262368815592204,0.8190739341073267,False,False
chroma_loop_deprecated,prev_p,pop_43_Stick_Season_Noah_Kahan,1.0,1.0,False,False
chroma_loop_cycle,p_dio_cy,pop_44_A_Bar_Song__Tipsy__Shaboozey,0.0604697651174412,0.17328649108281657,False,False
chroma_loop_deprecated,p_ripser_co,pop_44_A_Bar_Song__Tipsy__Shaboozey,1.0,1.0,False,False
chroma_loop_deprecated,p_dio_co,pop_44_A_Bar_Song__Tipsy__Shaboozey,1.0,1.0,False,False
chroma_loop_deprecated,prev_p,pop_44_A_Bar_Song__Tipsy__Shaboozey,0.3894016848133599,0.6232633198854062,False,False
chroma_loop_cycle,p_dio_cy,pop_45_Romantic_Homicide_d4vd,0.6141929035482259,0.996610938228365,False,False
chroma_loop_deprecated,p_ripser_co,pop_45_Romantic_Homicide_d4vd,0.3248375812093953,0.5398036275979657,False,False
chroma_loop_deprecated,p_dio_co,pop_45_Romantic_Homicide_d4vd,0.2473763118440779,0.4313815314564938,False,False
chroma_loop_deprecated,prev_p,pop_45_Romantic_Homicide_d4vd,1.8334668599419875e-34,2.8775243774089528e-33,True,True
chroma_loop_cycle,p_dio_cy,pop_47_Love_Me_Lil_Wayne,0.0004997501249375,0.0030015007503750002,True,True
chroma_loop_deprecated,p_ripser_co,pop_47_Love_Me_Lil_Wayne,0.0004997501249375,0.0015506939698587215,True,True
chroma_loop_deprecated,p_dio_co,pop_47_Love_Me_Lil_Wayne,0.0004997501249375,0.0015506939698587215,True,True
chroma_loop_deprecated,prev_p,pop_47_Love_Me_Lil_Wayne,0.0064942574643607,0.01675459117517715,True,True
chroma_loop_cycle,p_dio_cy,pop_48_Poker_Face_Lady_Gaga,0.0004997501249375,0.0030015007503750002,True,True
chroma_loop_deprecated,p_ripser_co,pop_48_Poker_Face_Lady_Gaga,1.0,1.0,False,False
chroma_loop_deprecated,p_dio_co,pop_48_Poker_Face_Lady_Gaga,1.0,1.0,False,False
chroma_loop_deprecated,prev_p,pop_48_Poker_Face_Lady_Gaga,1.0,1.0,False,False
chroma_loop_cycle,p_dio_cy,pop_49_Just_Dance_Lady_Gaga,0.0039980009995002,0.01705813759786752,True,True
chroma_loop_deprecated,p_ripser_co,pop_49_Just_Dance_Lady_Gaga,0.0004997501249375,0.0015506939698587215,True,True
chroma_loop_deprecated,p_dio_co,pop_49_Just_Dance_Lady_Gaga,0.0004997501249375,0.0015506939698587215,True,True
chroma_loop_deprecated,prev_p,pop_49_Just_Dance_Lady_Gaga,0.9988859246208778,1.0,False,False
chroma_loop_cycle,p_dio_cy,pop_50_Last_Friday_Night__T_G_I_F___Katy_Perry,0.000999500249875,0.005336001334,True,True
chroma_loop_deprecated,p_ripser_co,pop_50_Last_Friday_Night__T_G_I_F___Katy_Perry,0.000999500249875,0.0029412377144759114,True,True
chroma_loop_deprecated,p_dio_co,pop_50_Last_Friday_Night__T_G_I_F___Katy_Perry,0.0004997501249375,0.0015506939698587215,True,True
chroma_loop_deprecated,prev_p,pop_50_Last_Friday_Night__T_G_I_F___Katy_Perry,4.5828996724471796e-45,8.928752810112608e-44,True,True
chroma_loop_cycle,p_dio_cy,electronic_01_Let_Me_Love_You_DJ_Snake,0.6936531734132934,1.0,False,False
chroma_loop_deprecated,p_ripser_co,electronic_01_Let_Me_Love_You_DJ_Snake,0.0019990004997501,0.005619081006760232,True,True
chroma_loop_deprecated,p_dio_co,electronic_01_Let_Me_Love_You_DJ_Snake,0.0004997501249375,0.0015506939698587215,True,True
chroma_loop_deprecated,prev_p,electronic_01_Let_Me_Love_You_DJ_Snake,1.631387798852787e-07,1.375722546793768e-06,True,True
chroma_loop_cycle,p_dio_cy,electronic_02_Ride_Or_Die__Pt__2__with_Villano_Antillano___Tokischa__Sevdaliza,0.2053973013493253,0.4240460414953813,False,False
chroma_loop_deprecated,p_ripser_co,electronic_02_Ride_Or_Die__Pt__2__with_Villano_Antillano___Tokischa__Sevdaliza,0.0004997501249375,0.0015506939698587215,True,True
chroma_loop_deprecated,p_dio_co,electronic_02_Ride_Or_Die__Pt__2__with_Villano_Antillano___Tokischa__Sevdaliza,0.0004997501249375,0.0015506939698587215,True,True
chroma_loop_deprecated,prev_p,electronic_02_Ride_Or_Die__Pt__2__with_Villano_Antillano___Tokischa__Sevdaliza,8.439471550597628e-05,0.0006192599254659297,True,True
chroma_loop_cycle,p_dio_cy,electronic_03_Angel_Massive_Attack,1.0,1.0,False,False
chroma_loop_deprecated,p_ripser_co,electronic_03_Angel_Massive_Attack,0.4602698650674662,0.7243801497579899,False,False
chroma_loop_deprecated,p_dio_co,electronic_03_Angel_Massive_Attack,0.392303848075962,0.6261346727766061,False,False
chroma_loop_deprecated,prev_p,electronic_03_Angel_Massive_Attack,3.874937144771109e-52,8.108664765909914e-51,True,True
chroma_loop_cycle,p_dio_cy,electronic_04_Middle_DJ_Snake,0.3303348325837081,0.6040408367244948,False,False
chroma_loop_deprecated,p_ripser_co,electronic_04_Middle_DJ_Snake,1.0,1.0,False,False
chroma_loop_deprecated,p_dio_co,electronic_04_Middle_DJ_Snake,1.0,1.0,False,False
chroma_loop_cycle,p_dio_cy,electronic_05_Glory_Box_Portishead,1.0,1.0,False,False
chroma_loop_deprecated,p_ripser_co,electronic_05_Glory_Box_Portishead,1.0,1.0,False,False
chroma_loop_deprecated,p_dio_co,electronic_05_Glory_Box_Portishead,1.0,1.0,False,False
chroma_loop_deprecated,prev_p,electronic_05_Glory_Box_Portishead,0.011165475223842,0.027191782333925562,True,True
chroma_loop_cycle,p_dio_cy,electronic_06_Loco_Contigo__feat__J__Balvin___Tyga__DJ_Snake,1.0,1.0,False,False
chroma_loop_deprecated,p_ripser_co,electronic_06_Loco_Contigo__feat__J__Balvin___Tyga__DJ_Snake,1.0,1.0,False,False
chroma_loop_deprecated,p_dio_co,electronic_06_Loco_Contigo__feat__J__Balvin___Tyga__DJ_Snake,1.0,1.0,False,False
chroma_loop_deprecated,prev_p,electronic_06_Loco_Contigo__feat__J__Balvin___Tyga__DJ_Snake,3.2631867092411504e-16,3.6150990014142155e-15,True,True
chroma_loop_cycle,p_dio_cy,electronic_07_You_Know_You_Like_It_DJ_Snake,0.1699150424787606,0.3665582938867644,False,False
chroma_loop_deprecated,p_ripser_co,electronic_07_You_Know_You_Like_It_DJ_Snake,0.3703148425787106,0.5995068368394598,False,False
chroma_loop_deprecated,p_dio_co,electronic_07_You_Know_You_Like_It_DJ_Snake,0.3703148425787106,0.5995068368394598,False,False
chroma_loop_deprecated,prev_p,electronic_07_You_Know_You_Like_It_DJ_Snake,0.9152017999216084,1.0,False,False
chroma_loop_cycle,p_dio_cy,electronic_08_Where_s_Your_Head_At_Basement_Jaxx,0.2103948025987006,0.4282490333780477,False,False
chroma_loop_deprecated,p_ripser_co,electronic_08_Where_s_Your_Head_At_Basement_Jaxx,0.7251374312843578,1.0,False,False
chroma_loop_deprecated,p_dio_co,electronic_08_Where_s_Your_Head_At_Basement_Jaxx,0.7251374312843578,1.0,False,False
chroma_loop_deprecated,prev_p,electronic_08_Where_s_Your_Head_At_Basement_Jaxx,2.808794158220164e-09,2.6449478323239877e-08,True,True
chroma_loop_cycle,p_dio_cy,electronic_09_Taki_Taki__feat__Selena_Gomez__Ozuna___Cardi_B__DJ_Snake,1.0,1.0,False,False
chroma_loop_deprecated,p_ripser_co,electronic_09_Taki_Taki__feat__Selena_Gomez__Ozuna___Cardi_B__DJ_Snake,0.0044977511244377,0.012101092310987145,True,True
chroma_loop_deprecated,p_dio_co,electronic_09_Taki_Taki__feat__Selena_Gomez__Ozuna___Cardi_B__DJ_Snake,0.0049975012493753,0.013132968399521137,True,True
chroma_loop_deprecated,prev_p,electronic_09_Taki_Taki__feat__Selena_Gomez__Ozuna___Cardi_B__DJ_Snake,7.395053548390419e-71,1.8166109803654724e-69,True,True
chroma_loop_cycle,p_dio_cy,electronic_10_Closer_Nine_Inch_Nails,0.0004997501249375,0.0030015007503750002,True,True
chroma_loop_deprecated,p_ripser_co,electronic_10_Closer_Nine_Inch_Nails,0.0049975012493753,0.013132968399521137,True,True
chroma_loop_deprecated,p_dio_co,electronic_10_Closer_Nine_Inch_Nails,0.0049975012493753,0.013132968399521137,True,True
chroma_loop_deprecated,prev_p,electronic_10_Closer_Nine_Inch_Nails,0.1825078762034945,0.33698349691168106,False,False
chroma_loop_deprecated,p_ripser_co,electronic_11_Tom_Tom_Holy_Fuck,0.0004997501249375,0.0015506939698587215,True,True
chroma_loop_deprecated,p_dio_co,electronic_11_Tom_Tom_Holy_Fuck,0.0004997501249375,0.0015506939698587215,True,True
chroma_loop_deprecated,prev_p,electronic_11_Tom_Tom_Holy_Fuck,2.2425041022650347e-12,2.222833013648675e-11,True,True
chroma_loop_cycle,p_dio_cy,electronic_12_Assumptions_Sam_Gellaitry,0.4877561219390305,0.8313011635775034,False,False
chroma_loop_deprecated,p_ripser_co,electronic_12_Assumptions_Sam_Gellaitry,0.0004997501249375,0.0015506939698587215,True,True
chroma_loop_deprecated,p_dio_co,electronic_12_Assumptions_Sam_Gellaitry,0.0004997501249375,0.0015506939698587215,True,True
chroma_loop_deprecated,prev_p,electronic_12_Assumptions_Sam_Gellaitry,6.251670098285537e-152,2.943494671276107e-150,True,True
chroma_loop_cycle,p_dio_cy,electronic_13_The_Look_Metronomy,0.968015992003998,1.0,False,False
chroma_loop_deprecated,p_ripser_co,electronic_13_The_Look_Metronomy,1.0,1.0,False,False
chroma_loop_deprecated,p_dio_co,electronic_13_The_Look_Metronomy,1.0,1.0,False,False
chroma_loop_deprecated,prev_p,electronic_13_The_Look_Metronomy,1.0,1.0,False,False
chroma_loop_cycle,p_dio_cy,electronic_14_U_Are_My_High__with_Future__DJ_Snake,0.7626186906546727,1.0,False,False
chroma_loop_deprecated,p_ripser_co,electronic_14_U_Are_My_High__with_Future__DJ_Snake,0.1144427786106946,0.22373761216277666,False,False
chroma_loop_deprecated,p_dio_co,electronic_14_U_Are_My_High__with_Future__DJ_Snake,0.0994502748625687,0.20067644749054042,False,False
chroma_loop_deprecated,prev_p,electronic_14_U_Are_My_High__with_Future__DJ_Snake,0.4704250709188524,0.7383060140809766,False,False
chroma_loop_cycle,p_dio_cy,electronic_15_Teardrop_Massive_Attack,0.0419790104947526,0.12999951637084675,False,True
chroma_loop_deprecated,p_ripser_co,electronic_15_Teardrop_Massive_Attack,0.000999500249875,0.0029412377144759114,True,True
chroma_loop_deprecated,p_dio_co,electronic_15_Teardrop_Massive_Attack,0.000999500249875,0.0029412377144759114,True,True
chroma_loop_deprecated,prev_p,electronic_15_Teardrop_Massive_Attack,3.134821832943466e-18,3.768456033219273e-17,True,True
chroma_loop_cycle,p_dio_cy,electronic_16_Midas_Maribou_State,0.0004997501249375,0.0030015007503750002,True,True
chroma_loop_deprecated,p_ripser_co,electronic_16_Midas_Maribou_State,0.0004997501249375,0.0015506939698587215,True,True
chroma_loop_deprecated,p_dio_co,electronic_16_Midas_Maribou_State,0.0004997501249375,0.0015506939698587215,True,True
chroma_loop_deprecated,prev_p,electronic_16_Midas_Maribou_State,9.924177908898563e-17,1.1214321037055376e-15,True,True
chroma_loop_cycle,p_dio_cy,electronic_17_Taki_Taki__with_Selena_Gomez__Ozuna___Cardi_B__DJ_Snake,1.0,1.0,False,False
chroma_loop_deprecated,p_ripser_co,electronic_17_Taki_Taki__with_Selena_Gomez__Ozuna___Cardi_B__DJ_Snake,0.0044977511244377,0.012101092310987145,True,True
chroma_loop_deprecated,p_dio_co,electronic_17_Taki_Taki__with_Selena_Gomez__Ozuna___Cardi_B__DJ_Snake,0.0049975012493753,0.013132968399521137,True,True
chroma_loop_deprecated,prev_p,electronic_17_Taki_Taki__with_Selena_Gomez__Ozuna___Cardi_B__DJ_Snake,7.395053548390419e-71,1.8166109803654724e-69,True,True
chroma_loop_cycle,p_dio_cy,electronic_18_Glue_BICEP,0.0004997501249375,0.0030015007503750002,True,True
chroma_loop_deprecated,p_ripser_co,electronic_18_Glue_BICEP,0.0004997501249375,0.0015506939698587215,True,True
chroma_loop_deprecated,p_dio_co,electronic_18_Glue_BICEP,0.0004997501249375,0.0015506939698587215,True,True
chroma_loop_deprecated,prev_p,electronic_18_Glue_BICEP,0.9998237605975626,1.0,False,False
chroma_loop_cycle,p_dio_cy,electronic_19_Neverender_Justice,0.3228385807096451,0.6017961892839986,False,False
chroma_loop_deprecated,p_ripser_co,electronic_19_Neverender_Justice,1.0,1.0,False,False
chroma_loop_deprecated,p_dio_co,electronic_19_Neverender_Justice,1.0,1.0,False,False
chroma_loop_deprecated,prev_p,electronic_19_Neverender_Justice,4.600055133109061e-140,1.8564508215761568e-138,True,True
chroma_loop_cycle,p_dio_cy,electronic_20_Six_Days_-_Remix_DJ_Shadow,0.7021489255372314,1.0,False,False
chroma_loop_deprecated,p_ripser_co,electronic_20_Six_Days_-_Remix_DJ_Shadow,0.3373313343328336,0.5572871459007339,False,False
chroma_loop_deprecated,p_dio_co,electronic_20_Six_Days_-_Remix_DJ_Shadow,0.3333333333333333,0.552297165200391,False,False
chroma_loop_deprecated,prev_p,electronic_20_Six_Days_-_Remix_DJ_Shadow,1.133577083169667e-90,3.767476776416834e-89,True,True
chroma_loop_deprecated,prev_p,electronic_21_Turn_Down_for_What_DJ_Snake,1.9342439543564972e-05,0.00014768213975830012,True,True
chroma_loop_cycle,p_dio_cy,electronic_22_where_s_my_head_at___Basement_Jaxx,0.0004997501249375,0.0030015007503750002,True,True
chroma_loop_deprecated,p_ripser_co,electronic_22_where_s_my_head_at___Basement_Jaxx,0.4522738630684658,0.7137841693678302,False,False
chroma_loop_deprecated,p_dio_co,electronic_22_where_s_my_head_at___Basement_Jaxx,0.4522738630684658,0.7137841693678302,False,False
chroma_loop_deprecated,prev_p,electronic_22_where_s_my_head_at___Basement_Jaxx,2.731288005797764e-17,3.214953590157785e-16,True,True
chroma_loop_cycle,p_dio_cy,electronic_23_Steal_Maribou_State,0.0029985007496251,0.013388654509953935,True,True
chroma_loop_deprecated,p_ripser_co,electronic_23_Steal_Maribou_State,0.0299850074962518,0.06837999915281398,False,True
chroma_loop_deprecated,p_dio_co,electronic_23_Steal_Maribou_State,0.0299850074962518,0.06837999915281398,False,True
chroma_loop_deprecated,prev_p,electronic_23_Steal_Maribou_State,1.0706781008888881e-18,1.3150720152222213e-17,True,True
chroma_loop_cycle,p_dio_cy,electronic_24_9_Dean_Blunt,0.4752623688155922,0.8295488619326701,False,False
chroma_loop_deprecated,p_ripser_co,electronic_24_9_Dean_Blunt,0.9365317341329336,1.0,False,False
chroma_loop_deprecated,p_dio_co,electronic_24_9_Dean_Blunt,0.9035482258870564,1.0,False,False
chroma_loop_deprecated,prev_p,electronic_24_9_Dean_Blunt,3.29063092864805e-82,1.032892485936749e-80,True,True
chroma_loop_cycle,p_dio_cy,electronic_25_100_Dean_Blunt,0.8000999500249875,1.0,False,False
chroma_loop_deprecated,p_ripser_co,electronic_25_100_Dean_Blunt,0.1679160419790105,0.31311077134699977,False,False
chroma_loop_deprecated,p_dio_co,electronic_25_100_Dean_Blunt,0.1679160419790105,0.31311077134699977,False,False
chroma_loop_deprecated,prev_p,electronic_25_100_Dean_Blunt,0.7941485011734984,1.0,False,False
chroma_loop_cycle,p_dio_cy,electronic_26_Hollow__feat__Bonn__MORTEN,0.0004997501249375,0.0030015007503750002,True,True
chroma_loop_deprecated,p_ripser_co,electronic_26_Hollow__feat__Bonn__MORTEN,0.0049975012493753,0.013132968399521137,True,True
chroma_loop_deprecated,p_dio_co,electronic_26_Hollow__feat__Bonn__MORTEN,0.0030015007503751,0.008232271475543356,True,True
chroma_loop_deprecated,prev_p,electronic_26_Hollow__feat__Bonn__MORTEN,0.5981578689395795,0.9158785798126353,False,False
chroma_loop_cycle,p_dio_cy,electronic_27_Tsunami_DVBBS,1.0,1.0,False,False
chroma_loop_deprecated,p_ripser_co,electronic_27_Tsunami_DVBBS,1.0,1.0,False,False
chroma_loop_deprecated,p_dio_co,electronic_27_Tsunami_DVBBS,1.0,1.0,False,False
chroma_loop_deprecated,prev_p,electronic_27_Tsunami_DVBBS,1.481818458255097e-26,2.0930685722853247e-25,True,True
chroma_loop_cycle,p_dio_cy,electronic_28_Bayside_-_Radio_Edit_Obskür,0.0004997501249375,0.0030015007503750002,True,True
chroma_loop_deprecated,p_ripser_co,electronic_28_Bayside_-_Radio_Edit_Obskür,0.0004997501249375,0.0015506939698587215,True,True
chroma_loop_deprecated,p_dio_co,electronic_28_Bayside_-_Radio_Edit_Obskür,0.0004997501249375,0.0015506939698587215,True,True
chroma_loop_deprecated,prev_p,electronic_28_Bayside_-_Radio_Edit_Obskür,1.0,1.0,False,False
chroma_loop_deprecated,p_ripser_co,electronic_29_Galvanize_The_Chemical_Brothers,0.8325837081459271,1.0,False,False
chroma_loop_deprecated,p_dio_co,electronic_29_Galvanize_The_Chemical_Brothers,0.8325837081459271,1.0,False,False
chroma_loop_deprecated,prev_p,electronic_29_Galvanize_The_Chemical_Brothers,1.3388321171421004e-27,2.044432827527802e-26,True,True
chroma_loop_cycle,p_dio_cy,electronic_30_Rip___Tear_Mick_Gordon,0.0004997501249375,0.0030015007503750002,True,True
chroma_loop_deprecated,p_ripser_co,electronic_30_Rip___Tear_Mick_Gordon,0.0004997501249375,0.0015506939698587215,True,True
chroma_loop_deprecated,p_dio_co,electronic_30_Rip___Tear_Mick_Gordon,0.0004997501249375,0.0015506939698587215,True,True
chroma_loop_deprecated,prev_p,electronic_30_Rip___Tear_Mick_Gordon,1.619712704775339e-188,8.319433438164242e-187,True,True
chroma_loop_cycle,p_dio_cy,electronic_31_D_A_N_C_E_Justice,0.0004997501249375,0.0030015007503750002,True,True
chroma_loop_deprecated,p_ripser_co,electronic_31_D_A_N_C_E_Justice,0.0004997501249375,0.0015506939698587215,True,True
chroma_loop_deprecated,p_dio_co,electronic_31_D_A_N_C_E_Justice,0.0004997501249375,0.0015506939698587215,True,True
chroma_loop_deprecated,prev_p,electronic_31_D_A_N_C_E_Justice,0.9952843887559016,1.0,False,False
chroma_loop_cycle,p_dio_cy,electronic_32_Sour_Times_Portishead,0.0004997501249375,0.0030015007503750002,True,True
chroma_loop_deprecated,p_ripser_co,electronic_32_Sour_Times_Portishead,1.0,1.0,False,False
chroma_loop_deprecated,p_dio_co,electronic_32_Sour_Times_Portishead,1.0,1.0,False,False
chroma_loop_cycle,p_dio_cy,electronic_33_Red_Sex_Vessel,0.1914042978510744,0.39945244768919874,False,False
chroma_loop_deprecated,p_ripser_co,electronic_33_Red_Sex_Vessel,0.2448775612193903,0.42834619841781896,False,False
chroma_loop_deprecated,p_dio_co,electronic_33_Red_Sex_Vessel,0.2208895552223888,0.3924610022033009,False,False
chroma_loop_deprecated,prev_p,electronic_33_Red_Sex_Vessel,0.0,0.0,True,True
chroma_loop_cycle,p_dio_cy,electronic_34_La_leçon_particulière_-_Bande_originale_du_film__La_leçon_particulière__Francis_Lai,1.0,1.0,False,False
chroma_loop_deprecated,p_ripser_co,electronic_34_La_leçon_particulière_-_Bande_originale_du_film__La_leçon_particulière__Francis_Lai,1.0,1.0,False,False
chroma_loop_deprecated,p_dio_co,electronic_34_La_leçon_particulière_-_Bande_originale_du_film__La_leçon_particulière__Francis_Lai,1.0,1.0,False,False
chroma_loop_deprecated,prev_p,electronic_34_La_leçon_particulière_-_Bande_originale_du_film__La_leçon_particulière__Francis_Lai,1.6091470337144106e-07,1.375722546793768e-06,True,True
chroma_loop_cycle,p_dio_cy,electronic_35_Nervous_Tics_Maribou_State,0.8445777111444278,1.0,False,False
chroma_loop_deprecated,p_ripser_co,electronic_35_Nervous_Tics_Maribou_State,0.000999500249875,0.0029412377144759114,True,True
chroma_loop_deprecated,p_dio_co,electronic_35_Nervous_Tics_Maribou_State,0.000999500249875,0.0029412377144759114,True,True
chroma_loop_deprecated,prev_p,electronic_35_Nervous_Tics_Maribou_State,7.41880205256718e-12,7.104446033390604e-11,True,True
chroma_loop_cycle,p_dio_cy,electronic_36_Sexy_Boy_Air,0.91904047976012,1.0,False,False
chroma_loop_deprecated,p_ripser_co,electronic_36_Sexy_Boy_Air,0.67101958814666,1.0,False,False
chroma_loop_deprecated,p_dio_co,electronic_36_Sexy_Boy_Air,0.7888944472236118,1.0,False,False
chroma_loop_deprecated,prev_p,electronic_36_Sexy_Boy_Air,0.4301718664811876,0.6846397311602,False,False
chroma_loop_cycle,p_dio_cy,electronic_37_Shootout_Izzamuzzic,0.4497751124437781,0.7996001999000499,False,False
chroma_loop_deprecated,p_ripser_co,electronic_37_Shootout_Izzamuzzic,0.9435282358820588,1.0,False,False
chroma_loop_deprecated,p_dio_co,electronic_37_Shootout_Izzamuzzic,0.9435282358820588,1.0,False,False
chroma_loop_deprecated,prev_p,electronic_37_Shootout_Izzamuzzic,6.9222755268973706e-06,5.357651606434266e-05,True,True
chroma_loop_cycle,p_dio_cy,electronic_38_Alibi__with_Pabllo_Vittar___Yseult__Sevdaliza,0.1199400299850075,0.31119575347461403,False,False
chroma_loop_deprecated,p_ripser_co,electronic_38_Alibi__with_Pabllo_Vittar___Yseult__Sevdaliza,0.6491754122938531,0.9807061709786818,False,False
chroma_loop_deprecated,p_dio_co,electronic_38_Alibi__with_Pabllo_Vittar___Yseult__Sevdaliza,0.6491754122938531,0.9807061709786818,False,False
chroma_loop_deprecated,prev_p,electronic_38_Alibi__with_Pabllo_Vittar___Yseult__Sevdaliza,3.996963476820237e-27,5.790472729239574e-26,True,True
chroma_loop_cycle,p_dio_cy,electronic_39_The_Hand_That_Feeds_Nine_Inch_Nails,1.0,1.0,False,False
chroma_loop_deprecated,p_ripser_co,electronic_39_The_Hand_That_Feeds_Nine_Inch_Nails,0.0204897551224387,0.04823629851740777,True,True
chroma_loop_deprecated,p_dio_co,electronic_39_The_Hand_That_Feeds_Nine_Inch_Nails,0.0204897551224387,0.04823629851740777,True,True
chroma_loop_deprecated,prev_p,electronic_39_The_Hand_That_Feeds_Nine_Inch_Nails,0.9999400328011542,1.0,False,False
chroma_loop_cycle,p_dio_cy,electronic_40_Dance_Yrself_Clean_LCD_Soundsystem,0.0004997501249375,0.0030015007503750002,True,True
chroma_loop_deprecated,p_ripser_co,electronic_40_Dance_Yrself_Clean_LCD_Soundsystem,0.0004997501249375,0.0015506939698587215,True,True
chroma_loop_deprecated,p_dio_co,electronic_40_Dance_Yrself_Clean_LCD_Soundsystem,0.0004997501249375,0.0015506939698587215,True,True
chroma_loop_deprecated,prev_p,electronic_40_Dance_Yrself_Clean_LCD_Soundsystem,0.8621660116861214,1.0,False,False
chroma_loop_cycle,p_dio_cy,electronic_41_Xtal_Aphex_Twin,0.0004997501249375,0.0030015007503750002,True,True
chroma_loop_deprecated,p_ripser_co,electronic_41_Xtal_Aphex_Twin,0.0689655172413793,0.14325557809330625,False,False
chroma_loop_deprecated,p_dio_co,electronic_41_Xtal_Aphex_Twin,0.0689655172413793,0.14325557809330625,False,False
chroma_loop_deprecated,prev_p,electronic_41_Xtal_Aphex_Twin,1.1246573134112871e-24,1.5129318620889933e-23,True,True
chroma_loop_cycle,p_dio_cy,electronic_42_Lebanese_Blonde_Thievery_Corporation,0.6011994002998501,0.9950886625652692,False,False
chroma_loop_deprecated,p_ripser_co,electronic_42_Lebanese_Blonde_Thievery_Corporation,0.0459770114942528,0.0987719068222541,False,True
chroma_loop_deprecated,p_dio_co,electronic_42_Lebanese_Blonde_Thievery_Corporation,0.0459770114942528,0.0987719068222541,False,True
chroma_loop_deprecated,prev_p,electronic_42_Lebanese_Blonde_Thievery_Corporation,0.999999994185378,1.0,False,False
chroma_loop_cycle,p_dio_cy,electronic_43_QKThr_Aphex_Twin,1.0,1.0,False,False
chroma_loop_deprecated,p_ripser_co,electronic_43_QKThr_Aphex_Twin,0.6818181818181818,1.0,False,False
chroma_loop_deprecated,p_dio_co,electronic_43_QKThr_Aphex_Twin,0.6538461538461539,0.9825081833060557,False,False
chroma_loop_cycle,p_dio_cy,electronic_44_You_Wish_Nightmares_On_Wax,0.000999500249875,0.005336001334,True,True
chroma_loop_deprecated,p_ripser_co,electronic_44_You_Wish_Nightmares_On_Wax,0.0079960019990005,0.020168487184978937,True,True
chroma_loop_deprecated,p_dio_co,electronic_44_You_Wish_Nightmares_On_Wax,0.0069965017491254,0.01796828858298114,True,True
chroma_loop_cycle,p_dio_cy,electronic_45_Never_Catch_Me_Flying_Lotus,1.0,1.0,False,False
chroma_loop_deprecated,p_ripser_co,electronic_45_Never_Catch_Me_Flying_Lotus,0.9880059970014992,1.0,False,False
chroma_loop_deprecated,p_dio_co,electronic_45_Never_Catch_Me_Flying_Lotus,0.9880059970014992,1.0,False,False
chroma_loop_deprecated,prev_p,electronic_45_Never_Catch_Me_Flying_Lotus,1.2730897710174156e-36,2.0551306303566854e-35,True,True
chroma_loop_deprecated,p_ripser_co,electronic_46_Bfg_Division_Mick_Gordon,0.0004997501249375,0.0015506939698587215,True,True
chroma_loop_deprecated,p_dio_co,electronic_46_Bfg_Division_Mick_Gordon,0.0004997501249375,0.0015506939698587215,True,True
chroma_loop_deprecated,prev_p,electronic_46_Bfg_Division_Mick_Gordon,2.53694643089422e-203,1.4333747334552343e-201,True,True
chroma_loop_cycle,p_dio_cy,electronic_47_Red_Sex__Re-Strung___feat__Rakhi_Singh__Vessel,0.1914042978510744,0.39945244768919874,False,False
chroma_loop_deprecated,p_ripser_co,electronic_47_Red_Sex__Re-Strung___feat__Rakhi_Singh__Vessel,0.2448775612193903,0.42834619841781896,False,False
chroma_loop_deprecated,p_dio_co,electronic_47_Red_Sex__Re-Strung___feat__Rakhi_Singh__Vessel,0.2208895552223888,0.3924610022033009,False,False
chroma_loop_deprecated,prev_p,electronic_47_Red_Sex__Re-Strung___feat__Rakhi_Singh__Vessel,0.0,0.0,True,True
chroma_loop_cycle,p_dio_cy,electronic_48_Feel_Your_Weight_-_Poolside_Remix_Rhye,0.0219890054972513,0.0740682290433728,False,True
chroma_loop_deprecated,p_ripser_co,electronic_48_Feel_Your_Weight_-_Poolside_Remix_Rhye,0.991504247876062,1.0,False,False
chroma_loop_deprecated,p_dio_co,electronic_48_Feel_Your_Weight_-_Poolside_Remix_Rhye,0.9905047476261868,1.0,False,False
chroma_loop_deprecated,prev_p,electronic_48_Feel_Your_Weight_-_Poolside_Remix_Rhye,9.176793695660238e-15,9.782808373675536e-14,True,True
chroma_loop_cycle,p_dio_cy,electronic_49_Head_Like_A_Hole_Nine_Inch_Nails,1.0,1.0,False,False
chroma_loop_deprecated,p_ripser_co,electronic_49_Head_Like_A_Hole_Nine_Inch_Nails,0.0004997501249375,0.0015506939698587215,True,True
chroma_loop_deprecated,p_dio_co,electronic_49_Head_Like_A_Hole_Nine_Inch_Nails,0.0004997501249375,0.0015506939698587215,True,True
chroma_loop_deprecated,prev_p,electronic_49_Head_Like_A_Hole_Nine_Inch_Nails,0.0718708458042753,0.148743691865991,False,False
chroma_loop_cycle,p_dio_cy,electronic_50_Hearing_Damage_Thom_Yorke,1.0,1.0,False,False
chroma_loop_deprecated,p_ripser_co,electronic_50_Hearing_Damage_Thom_Yorke,1.0,1.0,False,False
chroma_loop_deprecated,p_dio_co,electronic_50_Hearing_Damage_Thom_Yorke,1.0,1.0,False,False
chroma_loop_deprecated,prev_p,electronic_50_Hearing_Damage_Thom_Yorke,4.1278263314611414e-13,4.240403413228263e-12,True,True
chroma_loop_cycle,p_dio_cy,hip-hop_01_Not_Like_Us_Kendrick_Lamar,0.0144927536231884,0.05250205086136175,False,True
chroma_loop_deprecated,p_ripser_co,hip-hop_01_Not_Like_Us_Kendrick_Lamar,0.0004997501249375,0.0015506939698587215,True,True
chroma_loop_deprecated,p_dio_co,hip-hop_01_Not_Like_Us_Kendrick_Lamar,0.0004997501249375,0.0015506939698587215,True,True
chroma_loop_deprecated,prev_p,hip-hop_01_Not_Like_Us_Kendrick_Lamar,0.0003820622797835,0.0015506939698587215,True,True
chroma_loop_cycle,p_dio_cy,hip-hop_02_All_The_Stars__with_SZA__Kendrick_Lamar,0.1664167916041979,0.3630911816818863,False,False
chroma_loop_deprecated,p_ripser_co,hip-hop_02_All_The_Stars__with_SZA__Kendrick_Lamar,0.0054972513743128,0.014379384381883019,True,True
chroma_loop_deprecated,p_dio_co,hip-hop_02_All_The_Stars__with_SZA__Kendrick_Lamar,0.0039980009995002,0.010859954638065447,True,True
chroma_loop_deprecated,prev_p,hip-hop_02_All_The_Stars__with_SZA__Kendrick_Lamar,0.999999999964573,1.0,False,False
chroma_loop_cycle,p_dio_cy,hip-hop_03_See_You_Again__feat__Kali_Uchis__Tyler__The_Creator,0.9970014992503748,1.0,False,False
chroma_loop_deprecated,p_ripser_co,hip-hop_03_See_You_Again__feat__Kali_Uchis__Tyler__The_Creator,0.993503248375812,1.0,False,False
chroma_loop_deprecated,p_dio_co,hip-hop_03_See_You_Again__feat__Kali_Uchis__Tyler__The_Creator,0.9880059970014992,1.0,False,False
chroma_loop_cycle,p_dio_cy,hip-hop_04_Pink___White_Frank_Ocean,0.0204897551224387,0.07152787242742238,False,True
chroma_loop_deprecated,prev_p,hip-hop_04_Pink___White_Frank_Ocean,0.9861395331426528,1.0,False,False
chroma_loop_cycle,p_dio_cy,hip-hop_05_Feel_Good_Inc__Gorillaz,0.953023488255872,1.0,False,False
chroma_loop_deprecated,p_ripser_co,hip-hop_05_Feel_Good_Inc__Gorillaz,0.0669665167416291,0.14013363688526087,False,False
chroma_loop_deprecated,p_dio_co,hip-hop_05_Feel_Good_Inc__Gorillaz,0.0789605197401299,0.1622279769206305,False,False
chroma_loop_deprecated,prev_p,hip-hop_05_Feel_Good_Inc__Gorillaz,0.7409560849096231,1.0,False,False
chroma_loop_cycle,p_dio_cy,hip-hop_06_Give_Me_Everything__feat__Nayer__Pitbull,0.9895052473763118,1.0,False,False
chroma_loop_deprecated,p_ripser_co,hip-hop_06_Give_Me_Everything__feat__Nayer__Pitbull,0.0301356102461074,0.06837999915281398,False,True
chroma_loop_deprecated,prev_p,hip-hop_06_Give_Me_Everything__feat__Nayer__Pitbull,0.9812087947051936,1.0,False,False
chroma_loop_cycle,p_dio_cy,hip-hop_07_HUMBLE__Kendrick_Lamar,0.0119940029985007,0.04428554953292567,True,True
chroma_loop_deprecated,p_ripser_co,hip-hop_07_HUMBLE__Kendrick_Lamar,0.0005002501250625,0.0015506939698587215,True,True
chroma_loop_deprecated,p_dio_co,hip-hop_07_HUMBLE__Kendrick_Lamar,0.0005022601707684,0.0015506939698587215,True,True
chroma_loop_deprecated,prev_p,hip-hop_07_HUMBLE__Kendrick_Lamar,0.9999742955334798,1.0,False,False
chroma_loop_cycle,p_dio_cy,hip-hop_08_NIGHTS_LIKE_THIS_The_Kid_LAROI,1.0,1.0,False,False
chroma_loop_deprecated,p_ripser_co,hip-hop_08_NIGHTS_LIKE_THIS_The_Kid_LAROI,1.0,1.0,False,False
chroma_loop_deprecated,p_dio_co,hip-hop_08_NIGHTS_LIKE_THIS_The_Kid_LAROI,1.0,1.0,False,False
chroma_loop_deprecated,prev_p,hip-hop_08_NIGHTS_LIKE_THIS_The_Kid_LAROI,2.692135806319418e-204,1.6900630339671903e-202,True,True
chroma_loop_cycle,p_dio_cy,hip-hop_09_One_Dance_Drake,0.0004997501249375,0.0030015007503750002,True,True
chroma_loop_deprecated,p_ripser_co,hip-hop_09_One_Dance_Drake,0.0004997501249375,0.0015506939698587215,True,True
chroma_loop_deprecated,p_dio_co,hip-hop_09_One_Dance_Drake,0.0004997501249375,0.0015506939698587215,True,True
chroma_loop_deprecated,prev_p,hip-hop_09_One_Dance_Drake,0.0,0.0,True,True
chroma_loop_cycle,p_dio_cy,hip-hop_10_Without_Me_Eminem,0.4397801099450275,0.789138141209769,False,False
chroma_loop_deprecated,p_ripser_co,hip-hop_10_Without_Me_Eminem,1.0,1.0,False,False
chroma_loop_deprecated,p_dio_co,hip-hop_10_Without_Me_Eminem,1.0,1.0,False,False
chroma_loop_deprecated,prev_p,hip-hop_10_Without_Me_Eminem,0.999999913091448,1.0,False,False
chroma_loop_cycle,p_dio_cy,hip-hop_11_No_Role_Modelz_J__Cole,0.8930534732633684,1.0,False,False
chroma_loop_deprecated,p_ripser_co,hip-hop_11_No_Role_Modelz_J__Cole,0.0004997501249375,0.0015506939698587215,True,True
chroma_loop_deprecated,p_dio_co,hip-hop_11_No_Role_Modelz_J__Cole,0.0004997501249375,0.0015506939698587215,True,True
chroma_loop_deprecated,prev_p,hip-hop_11_No_Role_Modelz_J__Cole,0.0,0.0,True,True
chroma_loop_cycle,p_dio_cy,hip-hop_12_I_Smoked_Away_My_Brain__I_m_God_x_Demons_Mashup___feat__Imogen_Heap___Clams_Casino__A_AP_Rocky,0.2733633183408296,0.5196609615984088,False,False
chroma_loop_deprecated,p_ripser_co,hip-hop_12_I_Smoked_Away_My_Brain__I_m_God_x_Demons_Mashup___feat__Imogen_Heap___Clams_Casino__A_AP_Rocky,0.0004997501249375,0.0015506939698587215,True,True
chroma_loop_deprecated,p_dio_co,hip-hop_12_I_Smoked_Away_My_Brain__I_m_God_x_Demons_Mashup___feat__Imogen_Heap___Clams_Casino__A_AP_Rocky,0.0004997501249375,0.0015506939698587215,True,True
chroma_loop_deprecated,prev_p,hip-hop_12_I_Smoked_Away_My_Brain__I_m_God_x_Demons_Mashup___feat__Imogen_Heap___Clams_Casino__A_AP_Rocky,1.9473810670168995e-38,3.3341524329228733e-37,True,True
chroma_loop_cycle,p_dio_cy,hip-hop_13_Love_Me_Lil_Wayne,0.0004997501249375,0.0030015007503750002,True,True
chroma_loop_deprecated,p_ripser_co,hip-hop_13_Love_Me_Lil_Wayne,0.0004997501249375,0.0015506939698587215,True,True
chroma_loop_deprecated,p_dio_co,hip-hop_13_Love_Me_Lil_Wayne,0.0004997501249375,0.0015506939698587215,True,True
chroma_loop_deprecated,prev_p,hip-hop_13_Love_Me_Lil_Wayne,0.0064942574643607,0.01675459117517715,True,True
chroma_loop_cycle,p_dio_cy,hip-hop_14_Yeah___feat__Lil_Jon___Ludacris__USHER,0.0004997501249375,0.0030015007503750002,True,True
chroma_loop_deprecated,p_ripser_co,hip-hop_14_Yeah___feat__Lil_Jon___Ludacris__USHER,0.0004997501249375,0.0015506939698587215,True,True
chroma_loop_deprecated,p_dio_co,hip-hop_14_Yeah___feat__Lil_Jon___Ludacris__USHER,0.0004997501249375,0.0015506939698587215,True,True
chroma_loop_deprecated,prev_p,hip-hop_14_Yeah___feat__Lil_Jon___Ludacris__USHER,2.3010487174628135e-05,0.00017334567004886526,True,True
chroma_loop_cycle,p_dio_cy,hip-hop_15_Unforgettable_French_Montana,0.9910044977511244,1.0,False,False
chroma_loop_deprecated,p_ripser_co,hip-hop_15_Unforgettable_French_Montana,0.0289855072463768,0.06711808030411022,False,True
chroma_loop_deprecated,p_dio_co,hip-hop_15_Unforgettable_French_Montana,0.0219890054972513,0.051550987991481265,False,True
chroma_loop_deprecated,prev_p,hip-hop_15_Unforgettable_French_Montana,2.393525786129888e-05,0.00017793974594255087,True,True
chroma_loop_cycle,p_dio_cy,hip-hop_16_Gangsta_s_Paradise_Coolio,0.0049975012493753,0.02041532425276718,True,True
chroma_loop_deprecated,p_ripser_co,hip-hop_16_Gangsta_s_Paradise_Coolio,1.0,1.0,False,False
chroma_loop_deprecated,p_dio_co,hip-hop_16_Gangsta_s_Paradise_Coolio,1.0,1.0,False,False
chroma_loop_cycle,p_dio_cy,hip-hop_17_Like_That_Future,0.744127936031984,1.0,False,False
chroma_loop_deprecated,p_ripser_co,hip-hop_17_Like_That_Future,0.9220389805097452,1.0,False,False
chroma_loop_deprecated,p_dio_co,hip-hop_17_Like_That_Future,0.9220389805097452,1.0,False,False
chroma_loop_deprecated,prev_p,hip-hop_17_Like_That_Future,0.441396379712472,0.7005307711728839,False,False
chroma_loop_cycle,p_dio_cy,hip-hop_18_The_Spins_Mac_Miller,0.6531734132933533,1.0,False,False
chroma_loop_deprecated,p_ripser_co,hip-hop_18_The_Spins_Mac_Miller,0.0409795102448775,0.09009114119982796,False,True
chroma_loop_deprecated,p_dio_co,hip-hop_18_The_Spins_Mac_Miller,0.0409795102448775,0.09009114119982796,False,True
chroma_loop_deprecated,prev_p,hip-hop_18_The_Spins_Mac_Miller,0.0373511362336649,0.08374361893658995,False,True
chroma_loop_cycle,p_dio_cy,hip-hop_19_LOVE__FEAT__ZACARI__Kendrick_Lamar,0.0004997501249375,0.0030015007503750002,True,True
chroma_loop_deprecated,p_ripser_co,hip-hop_19_LOVE__FEAT__ZACARI__Kendrick_Lamar,0.9090454772613692,1.0,False,False
chroma_loop_deprecated,p_dio_co,hip-hop_19_LOVE__FEAT__ZACARI__Kendrick_Lamar,0.9090454772613692,1.0,False,False
chroma_loop_deprecated,prev_p,hip-hop_19_LOVE__FEAT__ZACARI__Kendrick_Lamar,0.999713560046712,1.0,False,False
chroma_loop_cycle,p_dio_cy,hip-hop_20_Thinkin_Bout_You_Frank_Ocean,1.0,1.0,False,False
chroma_loop_deprecated,p_ripser_co,hip-hop_20_Thinkin_Bout_You_Frank_Ocean,0.9970014992503748,1.0,False,False
chroma_loop_deprecated,p_dio_co,hip-hop_20_Thinkin_Bout_You_Frank_Ocean,0.9985007496251874,1.0,False,False
chroma_loop_deprecated,prev_p,hip-hop_20_Thinkin_Bout_You_Frank_Ocean,0.9999798142873296,1.0,False,False
chroma_loop_cycle,p_dio_cy,hip-hop_21_Passionfruit_Drake,0.0699650174912543,0.19754828468118862,False,False
chroma_loop_deprecated,p_ripser_co,hip-hop_21_Passionfruit_Drake,0.0004997501249375,0.0015506939698587215,True,True
chroma_loop_deprecated,p_dio_co,hip-hop_21_Passionfruit_Drake,0.0004997501249375,0.0015506939698587215,True,True
chroma_loop_deprecated,prev_p,hip-hop_21_Passionfruit_Drake,0.9939072950861244,1.0,False,False
chroma_loop_cycle,p_dio_cy,hip-hop_22_The_Color_Violet_Tory_Lanez,0.0004997501249375,0.0030015007503750002,True,True
chroma_loop_deprecated,p_ripser_co,hip-hop_22_The_Color_Violet_Tory_Lanez,0.0004997501249375,0.0015506939698587215,True,True
chroma_loop_deprecated,p_dio_co,hip-hop_22_The_Color_Violet_Tory_Lanez,0.0004997501249375,0.0015506939698587215,True,True
chroma_loop_deprecated,prev_p,hip-hop_22_The_Color_Violet_Tory_Lanez,0.0,0.0,True,True
chroma_loop_cycle,p_dio_cy,hip-hop_23_Flashing_Lights_Kanye_West,0.0014992503748125,0.007380924922153846,True,True
chroma_loop_deprecated,p_ripser_co,hip-hop_23_Flashing_Lights_Kanye_West,0.0014992503748125,0.004299880516594226,True,True
chroma_loop_deprecated,p_dio_co,hip-hop_23_Flashing_Lights_Kanye_West,0.0004997501249375,0.0015506939698587215,True,True
chroma_loop_deprecated,prev_p,hip-hop_23_Flashing_Lights_Kanye_West,0.9999856868028032,1.0,False,False
chroma_loop_cycle,p_dio_cy,hip-hop_24_Time_of_Our_Lives_Pitbull,0.001000500250125,0.005336001334,True,True
chroma_loop_deprecated,p_ripser_co,hip-hop_24_Time_of_Our_Lives_Pitbull,0.0179910044977511,0.04288994743134755,True,True
chroma_loop_deprecated,p_dio_co,hip-hop_24_Time_of_Our_Lives_Pitbull,0.0474762618690654,0.10160639377281043,False,True
chroma_loop_deprecated,prev_p,hip-hop_24_Time_of_Our_Lives_Pitbull,3.541946441030899e-80,1.0532630206223463e-78,True,True
chroma_loop_cycle,p_dio_cy,hip-hop_25_DJ_Got_Us_Fallin__In_Love__feat__Pitbull__USHER,0.1724137931034483,0.36781609195402304,False,False
chroma_loop_deprecated,p_ripser_co,hip-hop_25_DJ_Got_Us_Fallin__In_Love__feat__Pitbull__USHER,0.0004997501249375,0.0015506939698587215,True,True
chroma_loop_deprecated,p_dio_co,hip-hop_25_DJ_Got_Us_Fallin__In_Love__feat__Pitbull__USHER,0.0114942528735632,0.027872329929455826,True,True
chroma_loop_deprecated,prev_p,hip-hop_25_DJ_Got_Us_Fallin__In_Love__feat__Pitbull__USHER,3.2484663630161384e-53,7.059167288861994e-52,True,True
chroma_loop_cycle,p_dio_cy,hip-hop_26_Timber_Pitbull,0.1019490254872563,0.27569313934581985,False,False
chroma_loop_deprecated,prev_p,hip-hop_26_Timber_Pitbull,0.6309871102058255,0.9635343709899769,False,False
chroma_loop_cycle,p_dio_cy,hip-hop_27_The_Real_Slim_Shady_Eminem,0.0014992503748125,0.007380924922153846,True,True
chroma_loop_deprecated,p_ripser_co,hip-hop_27_The_Real_Slim_Shady_Eminem,0.2038980509745127,0.3680587821105421,False,False
chroma_loop_deprecated,p_dio_co,hip-hop_27_The_Real_Slim_Shady_Eminem,0.2038980509745127,0.3680587821105421,False,False
chroma_loop_deprecated,prev_p,hip-hop_27_The_Real_Slim_Shady_Eminem,1.99849925766496e-71,5.376914669431916e-70,True,True
chroma_loop_cycle,p_dio_cy,hip-hop_28_Don_t_Bryson_Tiller,1.0,1.0,False,False
chroma_loop_deprecated,p_ripser_co,hip-hop_28_Don_t_Bryson_Tiller,0.8500749625187406,1.0,False,False
chroma_loop_deprecated,p_dio_co,hip-hop_28_Don_t_Bryson_Tiller,0.7861069465267366,1.0,False,False
chroma_loop_deprecated,prev_p,hip-hop_28_Don_t_Bryson_Tiller,1.0015657228397593e-21,1.2575214075654755e-20,True,True
chroma_loop_cycle,p_dio_cy,hip-hop_29_Ivy_Frank_Ocean,0.7781109445277361,1.0,False,False
chroma_loop_deprecated,p_ripser_co,hip-hop_29_Ivy_Frank_Ocean,0.0814592703648176,0.16615338540116223,False,False
chroma_loop_deprecated,p_dio_co,hip-hop_29_Ivy_Frank_Ocean,0.0814592703648176,0.16615338540116223,False,False
chroma_loop_deprecated,prev_p,hip-hop_29_Ivy_Frank_Ocean,0.1773908715945613,0.3286093195112365,False,False
chroma_loop_cycle,p_dio_cy,hip-hop_30_The_Thrill_Wiz_Khalifa,0.0059970014992503,0.0239880059970012,True,True
chroma_loop_deprecated,p_ripser_co,hip-hop_30_The_Thrill_Wiz_Khalifa,0.0004997501249375,0.0015506939698587215,True,True
chroma_loop_deprecated,p_dio_co,hip-hop_30_The_Thrill_Wiz_Khalifa,0.0004997501249375,0.0015506939698587215,True,True
chroma_loop_deprecated,prev_p,hip-hop_30_The_Thrill_Wiz_Khalifa,3.210748016439244e-118,1.209381752858782e-116,True,True
chroma_loop_cycle,p_dio_cy,hip-hop_31_Sundress_A_AP_Rocky,0.0029985007496251,0.013388654509953935,True,True
chroma_loop_deprecated,p_ripser_co,hip-hop_31_Sundress_A_AP_Rocky,0.0024987506246876,0.006886800502187775,True,True
chroma_loop_deprecated,p_dio_co,hip-hop_31_Sundress_A_AP_Rocky,0.008495752123938,0.02114581475781925,True,True
chroma_loop_deprecated,prev_p,hip-hop_31_Sundress_A_AP_Rocky,3.221554336558138e-09,2.8891717462783304e-08,True,True
chroma_loop_cycle,p_dio_cy,hip-hop_32_Heartless_Kanye_West,0.3298350824587706,0.6040408367244948,False,False
chroma_loop_deprecated,p_ripser_co,hip-hop_32_Heartless_Kanye_West,0.0004997501249375,0.0015506939698587215,True,True
chroma_loop_deprecated,p_dio_co,hip-hop_32_Heartless_Kanye_West,0.0004997501249375,0.0015506939698587215,True,True
chroma_loop_deprecated,prev_p,hip-hop_32_Heartless_Kanye_West,3.0541820533405084e-14,3.1955793706247914e-13,True,True
chroma_loop_cycle,p_dio_cy,hip-hop_33_Lost_Frank_Ocean,0.0309845077461269,0.10245724595329432,False,True
chroma_loop_deprecated,p_ripser_co,hip-hop_33_Lost_Frank_Ocean,1.0,1.0,False,False
chroma_loop_deprecated,p_dio_co,hip-hop_33_Lost_Frank_Ocean,1.0,1.0,False,False
chroma_loop_deprecated,prev_p,hip-hop_33_Lost_Frank_Ocean,0.9999999998330616,1.0,False,False
chroma_loop_cycle,p_dio_cy,hip-hop_34_PRIDE__Kendrick_Lamar,1.0,1.0,False,False
chroma_loop_deprecated,p_ripser_co,hip-hop_34_PRIDE__Kendrick_Lamar,1.0,1.0,False,False
chroma_loop_deprecated,p_dio_co,hip-hop_34_PRIDE__Kendrick_Lamar,1.0,1.0,False,False
chroma_loop_deprecated,prev_p,hip-hop_34_PRIDE__Kendrick_Lamar,2.858176634870382e-44,5.382899329005886e-43,True,True
chroma_loop_cycle,p_dio_cy,hip-hop_35_Hey_Ya__Outkast,0.08095952023988,0.22527866501531826,False,False
chroma_loop_deprecated,p_ripser_co,hip-hop_35_Hey_Ya__Outkast,0.0004997501249375,0.0015506939698587215,True,True
chroma_loop_deprecated,p_dio_co,hip-hop_35_Hey_Ya__Outkast,0.0004997501249375,0.0015506939698587215,True,True
chroma_loop_deprecated,prev_p,hip-hop_35_Hey_Ya__Outkast,0.0011642124507734,0.0034081867082226473,True,True
chroma_loop_cycle,p_dio_cy,hip-hop_36_Falling_Down_-_Bonus_Track_Lil_Peep,0.0034982508745627,0.01526509472536451,True,True
chroma_loop_deprecated,p_ripser_co,hip-hop_36_Falling_Down_-_Bonus_Track_Lil_Peep,0.0004997501249375,0.0015506939698587215,True,True
chroma_loop_deprecated,p_dio_co,hip-hop_36_Falling_Down_-_Bonus_Track_Lil_Peep,0.0004997501249375,0.0015506939698587215,True,True
chroma_loop_deprecated,prev_p,hip-hop_36_Falling_Down_-_Bonus_Track_Lil_Peep,0.8558280514829136,1.0,False,False
chroma_loop_cycle,p_dio_cy,hip-hop_37_Low__feat__T-Pain__Flo_Rida,0.0499750124937531,0.14761849844308608,False,True
chroma_loop_deprecated,p_ripser_co,hip-hop_37_Low__feat__T-Pain__Flo_Rida,0.1979010494752623,0.36069062243072003,False,False
chroma_loop_deprecated,p_dio_co,hip-hop_37_Low__feat__T-Pain__Flo_Rida,0.1979010494752623,0.36069062243072003,False,False
chroma_loop_deprecated,prev_p,hip-hop_37_Low__feat__T-Pain__Flo_Rida,0.0019822759599907,0.005619081006760232,True,True
chroma_loop_cycle,p_dio_cy,hip-hop_38_Till_I_Collapse_Eminem,0.5727136431784108,0.9595202398800599,False,False
chroma_loop_deprecated,p_ripser_co,hip-hop_38_Till_I_Collapse_Eminem,0.000999500249875,0.0029412377144759114,True,True
chroma_loop_deprecated,p_dio_co,hip-hop_38_Till_I_Collapse_Eminem,0.000999500249875,0.0029412377144759114,True,True
chroma_loop_deprecated,prev_p,hip-hop_38_Till_I_Collapse_Eminem,1.460047279120139e-07,1.2691180195428902e-06,True,True
chroma_loop_cycle,p_dio_cy,hip-hop_39_WAIT_FOR_U__feat__Drake___Tems__Future,1.0,1.0,False,False
chroma_loop_deprecated,p_ripser_co,hip-hop_39_WAIT_FOR_U__feat__Drake___Tems__Future,1.0,1.0,False,False
chroma_loop_deprecated,p_dio_co,hip-hop_39_WAIT_FOR_U__feat__Drake___Tems__Future,1.0,1.0,False,False
chroma_loop_deprecated,prev_p,hip-hop_39_WAIT_FOR_U__feat__Drake___Tems__Future,1.0,1.0,False,False
chroma_loop_cycle,p_dio_cy,hip-hop_40_Type_Shit_Future,0.8115942028985508,1.0,False,False
chroma_loop_deprecated,p_ripser_co,hip-hop_40_Type_Shit_Future,0.0004997501249375,0.0015506939698587215,True,True
chroma_loop_deprecated,p_dio_co,hip-hop_40_Type_Shit_Future,0.0004997501249375,0.0015506939698587215,True,True
chroma_loop_deprecated,prev_p,hip-hop_40_Type_Shit_Future,0.2377019752478621,0.41838509662006884,False,False
chroma_loop_cycle,p_dio_cy,hip-hop_41_Ms__Jackson_Outkast,0.2618690654672663,0.5130495976501545,False,False
chroma_loop_deprecated,p_ripser_co,hip-hop_41_Ms__Jackson_Outkast,0.04047976011994,0.09004356089671692,False,True
chroma_loop_deprecated,p_dio_co,hip-hop_41_Ms__Jackson_Outkast,0.0439780109945027,0.09593658769071053,False,True
chroma_loop_deprecated,prev_p,hip-hop_41_Ms__Jackson_Outkast,0.1286843541121897,0.24730156487546662,False,False
chroma_loop_cycle,p_dio_cy,hip-hop_42_I_Wonder_Kanye_West,0.2683658170914543,0.5196609615984088,False,False
chroma_loop_deprecated,p_ripser_co,hip-hop_42_I_Wonder_Kanye_West,0.1039480259870064,0.2046363577792983,False,False
chroma_loop_deprecated,p_dio_co,hip-hop_42_I_Wonder_Kanye_West,0.1039480259870064,0.2046363577792983,False,False
chroma_loop_deprecated,prev_p,hip-hop_42_I_Wonder_Kanye_West,2.883305398690851e-37,4.7913751478245025e-36,True,True
chroma_loop_cycle,p_dio_cy,hip-hop_43_Low_Life__feat__The_Weeknd__Future,0.1619190404797601,0.36149367176876673,False,False
chroma_loop_deprecated,p_ripser_co,hip-hop_43_Low_Life__feat__The_Weeknd__Future,0.0004997501249375,0.0015506939698587215,True,True
chroma_loop_deprecated,p_dio_co,hip-hop_43_Low_Life__feat__The_Weeknd__Future,0.0004997501249375,0.0015506939698587215,True,True
chroma_loop_deprecated,prev_p,hip-hop_43_Low_Life__feat__The_Weeknd__Future,3.381240458708122e-64,7.960003579875371e-63,True,True
chroma_loop_cycle,p_dio_cy,hip-hop_44_Fuck_Love_XXXTENTACION,1.0,1.0,False,False
chroma_loop_deprecated,p_ripser_co,hip-hop_44_Fuck_Love_XXXTENTACION,0.0964517741129435,0.1953234852107996,False,False
chroma_loop_deprecated,p_dio_co,hip-hop_44_Fuck_Love_XXXTENTACION,0.1464267866066966,0.27855600819119053,False,False
chroma_loop_deprecated,prev_p,hip-hop_44_Fuck_Love_XXXTENTACION,0.0020462493082719,0.0057234200949189285,True,True
chroma_loop_cycle,p_dio_cy,hip-hop_45_nuts_Lil_Peep,1.0,1.0,False,False
chroma_loop_deprecated,p_ripser_co,hip-hop_45_nuts_Lil_Peep,0.1509245377311344,0.28614887187278837,False,False
chroma_loop_deprecated,p_dio_co,hip-hop_45_nuts_Lil_Peep,0.1014492753623188,0.20325829992805008,False,False
chroma_loop_cycle,p_dio_cy,hip-hop_46_Money_Trees_Kendrick_Lamar,0.3903048475762118,0.7069672710814402,False,False
chroma_loop_deprecated,p_ripser_co,hip-hop_46_Money_Trees_Kendrick_Lamar,0.0529735132433783,0.11209750929778554,False,False
chroma_loop_deprecated,p_dio_co,hip-hop_46_Money_Trees_Kendrick_Lamar,0.0529735132433783,0.11209750929778554,False,False
chroma_loop_deprecated,prev_p,hip-hop_46_Money_Trees_Kendrick_Lamar,0.0754024244166023,0.1554831014429938,False,False
chroma_loop_deprecated,prev_p,hip-hop_47_Headlines_Drake,0.3679938104737773,0.5991830055264674,False,False
chroma_loop_cycle,p_dio_cy,hip-hop_48_Novacane_Frank_Ocean,0.0214892553723138,0.07367744699079017,False,True
chroma_loop_deprecated,p_ripser_co,hip-hop_48_Novacane_Frank_Ocean,0.8285857071464268,1.0,False,False
chroma_loop_deprecated,p_dio_co,hip-hop_48_Novacane_Frank_Ocean,0.8285857071464268,1.0,False,False
chroma_loop_deprecated,prev_p,hip-hop_48_Novacane_Frank_Ocean,0.0059512408445419,0.015495166254221997,True,True
chroma_loop_cycle,p_dio_cy,hip-hop_49_EARFQUAKE_Tyler__The_Creator,0.4892553723138431,0.8313011635775034,False,False
chroma_loop_deprecated,p_ripser_co,hip-hop_49_EARFQUAKE_Tyler__The_Creator,0.3193403298350825,0.5322338830584709,False,False
chroma_loop_deprecated,p_dio_co,hip-hop_49_EARFQUAKE_Tyler__The_Creator,0.3743128435782109,0.6042478760619691,False,False
chroma_loop_deprecated,prev_p,hip-hop_49_EARFQUAKE_Tyler__The_Creator,0.0018514931519313,0.005283301165864568,True,True
chroma_loop_cycle,p_dio_cy,hip-hop_50_Solo_Future,0.999000499750125,1.0,False,False
chroma_loop_deprecated,p_ripser_co,hip-hop_50_Solo_Future,0.9115442278860568,1.0,False,False
chroma_loop_deprecated,p_dio_co,hip-hop_50_Solo_Future,0.9355322338830584,1.0,False,False
chroma_loop_cycle,p_dio_cy,reggae_01_Si_Antes_Te_Hubiera_Conocido_KAROL_G,0.999000499750125,1.0,False,False
chroma_loop_deprecated,p_ripser_co,reggae_01_Si_Antes_Te_Hubiera_Conocido_KAROL_G,1.0,1.0,False,False
chroma_loop_deprecated,p_dio_co,reggae_01_Si_Antes_Te_Hubiera_Conocido_KAROL_G,1.0,1.0,False,False
chroma_loop_deprecated,prev_p,reggae_01_Si_Antes_Te_Hubiera_Conocido_KAROL_G,0.0856400369047004,0.1740525929897688,False,False
chroma_loop_cycle,p_dio_cy,reggae_02_LA_CANCIÓN_J_Balvin,0.920039980009995,1.0,False,False
chroma_loop_deprecated,p_ripser_co,reggae_02_LA_CANCIÓN_J_Balvin,0.0004997501249375,0.0015506939698587215,True,True
chroma_loop_deprecated,p_dio_co,reggae_02_LA_CANCIÓN_J_Balvin,0.0004997501249375,0.0015506939698587215,True,True
chroma_loop_deprecated,prev_p,reggae_02_LA_CANCIÓN_J_Balvin,4.303805557497207e-40,7.598906687456006e-39,True,True
chroma_loop_cycle,p_dio_cy,reggae_03_LUNA_Feid,0.9095452273863068,1.0,False,False
chroma_loop_deprecated,p_ripser_co,reggae_03_LUNA_Feid,1.0,1.0,False,False
chroma_loop_deprecated,p_dio_co,reggae_03_LUNA_Feid,1.0,1.0,False,False
chroma_loop_cycle,p_dio_cy,reggae_04_Gata_Only_FloyyMenor,0.2438780609695152,0.4877561219390304,False,False
chroma_loop_deprecated,p_ripser_co,reggae_04_Gata_Only_FloyyMenor,0.0179910044977511,0.04288994743134755,True,True
chroma_loop_deprecated,p_dio_co,reggae_04_Gata_Only_FloyyMenor,0.0179910044977511,0.04288994743134755,True,True
chroma_loop_deprecated,prev_p,reggae_04_Gata_Only_FloyyMenor,1.0,1.0,False,False
chroma_loop_cycle,p_dio_cy,reggae_05_Moscow_Mule_Bad_Bunny,0.0099950024987506,0.037628244701178724,True,True
chroma_loop_deprecated,p_ripser_co,reggae_05_Moscow_Mule_Bad_Bunny,1.0,1.0,False,False
chroma_loop_deprecated,p_dio_co,reggae_05_Moscow_Mule_Bad_Bunny,1.0,1.0,False,False
chroma_loop_deprecated,prev_p,reggae_05_Moscow_Mule_Bad_Bunny,1.0,1.0,False,False
chroma_loop_cycle,p_dio_cy,reggae_06_Ojitos_Lindos_Bad_Bunny,0.7251374312843578,1.0,False,False
chroma_loop_deprecated,p_ripser_co,reggae_06_Ojitos_Lindos_Bad_Bunny,0.2583708145927036,0.44505948245389493,False,False
chroma_loop_deprecated,p_dio_co,reggae_06_Ojitos_Lindos_Bad_Bunny,0.1669165417291354,0.31311077134699977,False,False
chroma_loop_deprecated,prev_p,reggae_06_Ojitos_Lindos_Bad_Bunny,1.1029652942997592e-23,1.4492450959985209e-22,True,True
chroma_loop_cycle,p_dio_cy,reggae_07_Could_You_Be_Loved_Bob_Marley___The_Wailers,0.6261869065467266,0.9999628285031038,False,False
chroma_loop_deprecated,p_ripser_co,reggae_07_Could_You_Be_Loved_Bob_Marley___The_Wailers,0.2233883058470764,0.39441997751124425,False,False
chroma_loop_deprecated,p_dio_co,reggae_07_Could_You_Be_Loved_Bob_Marley___The_Wailers,0.3058470764617691,0.5127703210709186,False,False
chroma_loop_deprecated,prev_p,reggae_07_Could_You_Be_Loved_Bob_Marley___The_Wailers,0.0522783115708484,0.11146130580199752,False,False
chroma_loop_cycle,p_dio_cy,reggae_08_Tití_Me_Preguntó_Bad_Bunny,0.2118940529735132,0.4282490333780477,False,False
chroma_loop_deprecated,p_ripser_co,reggae_08_Tití_Me_Preguntó_Bad_Bunny,0.0004997501249375,0.0015506939698587215,True,True
chroma_loop_deprecated,p_dio_co,reggae_08_Tití_Me_Preguntó_Bad_Bunny,0.0004997501249375,0.0015506939698587215,True,True
chroma_loop_deprecated,prev_p,reggae_08_Tití_Me_Preguntó_Bad_Bunny,3.4283882394079713e-26,4.724486232354887e-25,True,True
chroma_loop_cycle,p_dio_cy,reggae_09_PERRO_NEGRO_Bad_Bunny,0.6176911544227887,0.996610938228365,False,False
chroma_loop_deprecated,p_ripser_co,reggae_09_PERRO_NEGRO_Bad_Bunny,0.0004997501249375,0.0015506939698587215,True,True
chroma_loop_deprecated,p_dio_co,reggae_09_PERRO_NEGRO_Bad_Bunny,0.0004997501249375,0.0015506939698587215,True,True
chroma_loop_deprecated,prev_p,reggae_09_PERRO_NEGRO_Bad_Bunny,0.0022919988538715,0.006379208632696539,True,True
chroma_loop_cycle,p_dio_cy,reggae_10_Azul_J_Balvin,0.2928535732133933,0.5512537848722697,False,False
chroma_loop_deprecated,p_ripser_co,reggae_10_Azul_J_Balvin,0.8445777111444278,1.0,False,False
chroma_loop_deprecated,p_dio_co,reggae_10_Azul_J_Balvin,0.8480759620189905,1.0,False,False
chroma_loop_cycle,p_dio_cy,reggae_11_Rude_MAGIC_,0.0004997501249375,0.0030015007503750002,True,True
chroma_loop_deprecated,p_ripser_co,reggae_11_Rude_MAGIC_,0.0004997501249375,0.0015506939698587215,True,True
chroma_loop_deprecated,p_dio_co,reggae_11_Rude_MAGIC_,0.0004997501249375,0.0015506939698587215,True,True
chroma_loop_deprecated,prev_p,reggae_11_Rude_MAGIC_,0.0003677532016012,0.0015506939698587215,True,True
chroma_loop_cycle,p_dio_cy,reggae_12_X__feat__Maluma___Ozuna__-_Remix_Nicky_Jam,0.9750124937531236,1.0,False,False
chroma_loop_deprecated,p_dio_co,reggae_12_X__feat__Maluma___Ozuna__-_Remix_Nicky_Jam,0.959479739869935,1.0,False,False
chroma_loop_deprecated,prev_p,reggae_12_X__feat__Maluma___Ozuna__-_Remix_Nicky_Jam,3.034022436390507e-09,2.7648752847752203e-08,True,True
chroma_loop_cycle,p_dio_cy,reggae_13_Me_Porto_Bonito_Bad_Bunny,0.1519240379810095,0.3601162381772077,False,False
chroma_loop_deprecated,p_ripser_co,reggae_13_Me_Porto_Bonito_Bad_Bunny,0.9975012493753124,1.0,False,False
chroma_loop_deprecated,p_dio_co,reggae_13_Me_Porto_Bonito_Bad_Bunny,0.9975012493753124,1.0,False,False
chroma_loop_deprecated,prev_p,reggae_13_Me_Porto_Bonito_Bad_Bunny,0.0003756037973916,0.0015506939698587215,True,True
chroma_loop_cycle,p_dio_cy,reggae_14_Dile_Don_Omar,0.1389305347326336,0.3464241905021513,False,False
chroma_loop_deprecated,p_ripser_co,reggae_14_Dile_Don_Omar,1.0,1.0,False,False
chroma_loop_deprecated,p_dio_co,reggae_14_Dile_Don_Omar,1.0,1.0,False,False
chroma_loop_deprecated,prev_p,reggae_14_Dile_Don_Omar,2.627919279558425e-07,2.183491754338986e-06,True,True
chroma_loop_cycle,p_dio_cy,reggae_15_PROVENZA_KAROL_G,0.607696151924038,0.996610938228365,False,False
chroma_loop_deprecated,p_ripser_co,reggae_15_PROVENZA_KAROL_G,0.264367816091954,0.4526297457331939,False,False
chroma_loop_deprecated,p_dio_co,reggae_15_PROVENZA_KAROL_G,0.264367816091954,0.4526297457331939,False,False
chroma_loop_deprecated,prev_p,reggae_15_PROVENZA_KAROL_G,6.446772963110466e-07,5.2034667487963045e-06,True,True
chroma_loop_cycle,p_dio_cy,reggae_16_No_Me_Conoce_-_Remix_JHAYCO,1.0,1.0,False,False
chroma_loop_deprecated,p_ripser_co,reggae_16_No_Me_Conoce_-_Remix_JHAYCO,0.1184407796101949,0.23075531199917282,False,False
chroma_loop_deprecated,p_dio_co,reggae_16_No_Me_Conoce_-_Remix_JHAYCO,0.2208895552223888,0.3924610022033009,False,False
chroma_loop_deprecated,prev_p,reggae_16_No_Me_Conoce_-_Remix_JHAYCO,0.2009366012940485,0.3650455939907955,False,False
chroma_loop_cycle,p_dio_cy,reggae_17_AMARGURA_KAROL_G,0.0499750124937531,0.14761849844308608,False,True
chroma_loop_deprecated,p_ripser_co,reggae_17_AMARGURA_KAROL_G,0.0004997501249375,0.0015506939698587215,True,True
chroma_loop_deprecated,p_dio_co,reggae_17_AMARGURA_KAROL_G,0.0004997501249375,0.0015506939698587215,True,True
chroma_loop_cycle,p_dio_cy,reggae_18_Borro_Cassette_Maluma,0.2548725637181409,0.5044900230297221,False,False
chroma_loop_deprecated,p_ripser_co,reggae_18_Borro_Cassette_Maluma,1.0,1.0,False,False
chroma_loop_deprecated,p_dio_co,reggae_18_Borro_Cassette_Maluma,1.0,1.0,False,False
chroma_loop_cycle,p_dio_cy,reggae_19_Me_Rehúso_Danny_Ocean,0.6526736631684158,1.0,False,False
chroma_loop_deprecated,p_ripser_co,reggae_19_Me_Rehúso_Danny_Ocean,1.0,1.0,False,False
chroma_loop_deprecated,p_dio_co,reggae_19_Me_Rehúso_Danny_Ocean,1.0,1.0,False,False
chroma_loop_deprecated,prev_p,reggae_19_Me_Rehúso_Danny_Ocean,0.0070990635373815,0.018149189586518313,True,True
chroma_loop_cycle,p_dio_cy,reggae_20_Santeria_Sublime,0.1069465267366316,0.28128401552648313,False,False
chroma_loop_deprecated,p_ripser_co,reggae_20_Santeria_Sublime,0.7106446776611695,1.0,False,False
chroma_loop_deprecated,p_dio_co,reggae_20_Santeria_Sublime,0.7106446776611695,1.0,False,False
chroma_loop_deprecated,prev_p,reggae_20_Santeria_Sublime,0.79848157985922,1.0,False,False
chroma_loop_cycle,p_dio_cy,reggae_21_LOKERA_Rauw_Alejandro,0.0314842578710644,0.10245724595329432,False,True
chroma_loop_deprecated,p_ripser_co,reggae_21_LOKERA_Rauw_Alejandro,0.1254372813593203,0.24271254783567112,False,False
chroma_loop_deprecated,p_dio_co,reggae_21_LOKERA_Rauw_Alejandro,0.1399300349825087,0.2670961816389102,False,False
chroma_loop_deprecated,prev_p,reggae_21_LOKERA_Rauw_Alejandro,1.0,1.0,False,False
chroma_loop_cycle,p_dio_cy,reggae_22_Efecto_Bad_Bunny,1.0,1.0,False,False
chroma_loop_deprecated,p_ripser_co,reggae_22_Efecto_Bad_Bunny,1.0,1.0,False,False
chroma_loop_deprecated,p_dio_co,reggae_22_Efecto_Bad_Bunny,1.0,1.0,False,False
chroma_loop_deprecated,prev_p,reggae_22_Efecto_Bad_Bunny,1.0,1.0,False,False
chroma_loop_cycle,p_dio_cy,reggae_23_Otro_Atardecer_Bad_Bunny,0.9330334832583708,1.0,False,False
chroma_loop_deprecated,p_ripser_co,reggae_23_Otro_Atardecer_Bad_Bunny,0.7891054472763618,1.0,False,False
chroma_loop_deprecated,p_dio_co,reggae_23_Otro_Atardecer_Bad_Bunny,0.8310844577711144,1.0,False,False
chroma_loop_deprecated,prev_p,reggae_23_Otro_Atardecer_Bad_Bunny,1.0,1.0,False,False
chroma_loop_cycle,p_dio_cy,reggae_24_QLONA_KAROL_G,0.1299350324837581,0.32825692416949415,False,False
chroma_loop_deprecated,p_ripser_co,reggae_24_QLONA_KAROL_G,0.0004997501249375,0.0015506939698587215,True,True
chroma_loop_deprecated,p_dio_co,reggae_24_QLONA_KAROL_G,0.0004997501249375,0.0015506939698587215,True,True
chroma_loop_cycle,p_dio_cy,reggae_25_TQG_KAROL_G,0.0004997501249375,0.0030015007503750002,True,True
chroma_loop_deprecated,p_ripser_co,reggae_25_TQG_KAROL_G,0.2049221496735309,0.36872934575014316,False,False
chroma_loop_deprecated,p_dio_co,reggae_25_TQG_KAROL_G,0.2886540600667408,0.48829204771769036,False,False
chroma_loop_deprecated,prev_p,reggae_25_TQG_KAROL_G,0.2677846284712215,0.4570946075112995,False,False
chroma_loop_cycle,p_dio_cy,reggae_26_Se_Preparó_Ozuna,0.0014992503748125,0.007380924922153846,True,True
chroma_loop_deprecated,p_ripser_co,reggae_26_Se_Preparó_Ozuna,0.0589705147426286,0.1238600030839597,False,False
chroma_loop_deprecated,p_dio_co,reggae_26_Se_Preparó_Ozuna,0.0589705147426286,0.1238600030839597,False,False
chroma_loop_deprecated,prev_p,reggae_26_Se_Preparó_Ozuna,1.4084982622872308e-06,1.1208472087215286e-05,True,True
chroma_loop_cycle,p_dio_cy,reggae_27_MOJABI_GHOST_Tainy,1.0,1.0,False,False
chroma_loop_deprecated,p_ripser_co,reggae_27_MOJABI_GHOST_Tainy,1.0,1.0,False,False
chroma_loop_deprecated,p_dio_co,reggae_27_MOJABI_GHOST_Tainy,1.0,1.0,False,False
chroma_loop_deprecated,prev_p,reggae_27_MOJABI_GHOST_Tainy,0.0093806976413992,0.023246027049958543,True,True
chroma_loop_cycle,p_dio_cy,reggae_28_PELIGROSA_FloyyMenor,0.6301849075462269,0.9999628285031038,False,False
chroma_loop_deprecated,p_ripser_co,reggae_28_PELIGROSA_FloyyMenor,0.0004997501249375,0.0015506939698587215,True,True
chroma_loop_deprecated,p_dio_co,reggae_28_PELIGROSA_FloyyMenor,0.0004997501249375,0.0015506939698587215,True,True
chroma_loop_deprecated,prev_p,reggae_28_PELIGROSA_FloyyMenor,4.280923085185403e-08,3.7792524111402386e-07,True,True
chroma_loop_cycle,p_dio_cy,reggae_29_LALA_Myke_Towers,0.5747126436781609,0.9595202398800599,False,False
chroma_loop_deprecated,p_ripser_co,reggae_29_LALA_Myke_Towers,1.0,1.0,False,False
chroma_loop_deprecated,p_dio_co,reggae_29_LALA_Myke_Towers,1.0,1.0,False,False
chroma_loop_deprecated,prev_p,reggae_29_LALA_Myke_Towers,0.5826589362418415,0.894571464610436,False,False
chroma_loop_cycle,p_dio_cy,reggae_30_frente_al_mar_Beéle,0.7041479260369815,1.0,False,False
chroma_loop_deprecated,p_ripser_co,reggae_30_frente_al_mar_Beéle,1.0,1.0,False,False
chroma_loop_deprecated,p_dio_co,reggae_30_frente_al_mar_Beéle,1.0,1.0,False,False
chroma_loop_deprecated,prev_p,reggae_30_frente_al_mar_Beéle,1.0,1.0,False,False
chroma_loop_cycle,p_dio_cy,reggae_31_Desenfocao__Rauw_Alejandro,0.4752623688155922,0.8295488619326701,False,False
chroma_loop_deprecated,p_ripser_co,reggae_31_Desenfocao__Rauw_Alejandro,1.0,1.0,False,False
chroma_loop_deprecated,p_dio_co,reggae_31_Desenfocao__Rauw_Alejandro,1.0,1.0,False,False
chroma_loop_deprecated,prev_p,reggae_31_Desenfocao__Rauw_Alejandro,1.0,1.0,False,False
chroma_loop_cycle,p_dio_cy,reggae_32_La_Old_Skul_Rauw_Alejandro,1.0,1.0,False,False
chroma_loop_deprecated,p_ripser_co,reggae_32_La_Old_Skul_Rauw_Alejandro,1.0,1.0,False,False
chroma_loop_deprecated,p_dio_co,reggae_32_La_Old_Skul_Rauw_Alejandro,1.0,1.0,False,False
chroma_loop_deprecated,prev_p,reggae_32_La_Old_Skul_Rauw_Alejandro,8.776076700027891e-17,1.0119353745950527e-15,True,True
chroma_loop_cycle,p_dio_cy,reggae_33_Todo_De_Ti_Rauw_Alejandro,0.0005002501250625,0.0030015007503750002,True,True
chroma_loop_deprecated,p_ripser_co,reggae_33_Todo_De_Ti_Rauw_Alejandro,0.0004997501249375,0.0015506939698587215,True,True
chroma_loop_deprecated,p_dio_co,reggae_33_Todo_De_Ti_Rauw_Alejandro,0.0004997501249375,0.0015506939698587215,True,True
chroma_loop_deprecated,prev_p,reggae_33_Todo_De_Ti_Rauw_Alejandro,1.0,1.0,False,False
chroma_loop_cycle,p_dio_cy,reggae_34_Desesperados_Rauw_Alejandro,0.1444277861069465,0.3510143662346042,False,False
chroma_loop_deprecated,p_ripser_co,reggae_34_Desesperados_Rauw_Alejandro,0.6481759120439781,0.9807061709786818,False,False
chroma_loop_deprecated,p_dio_co,reggae_34_Desesperados_Rauw_Alejandro,0.6481759120439781,0.9807061709786818,False,False
chroma_loop_deprecated,prev_p,reggae_34_Desesperados_Rauw_Alejandro,0.0014072244766173,0.004098359944787497,True,True
chroma_loop_cycle,p_dio_cy,reggae_35_QUE_PRETENDES_J_Balvin,0.0069965017491254,0.027414863996573,True,True
chroma_loop_deprecated,p_ripser_co,reggae_35_QUE_PRETENDES_J_Balvin,0.2573713143428285,0.4446935553629911,False,False
chroma_loop_deprecated,p_dio_co,reggae_35_QUE_PRETENDES_J_Balvin,0.2573713143428285,0.4446935553629911,False,False
chroma_loop_deprecated,prev_p,reggae_35_QUE_PRETENDES_J_Balvin,0.8261908339457397,1.0,False,False
chroma_loop_cycle,p_dio_cy,reggae_36_Salió_El_Sol_Don_Omar,0.7341329335332334,1.0,False,False
chroma_loop_deprecated,p_ripser_co,reggae_36_Salió_El_Sol_Don_Omar,0.0449775112443778,0.09736511054817416,False,True
chroma_loop_deprecated,p_dio_co,reggae_36_Salió_El_Sol_Don_Omar,0.0449775112443778,0.09736511054817416,False,True
chroma_loop_deprecated,prev_p,reggae_36_Salió_El_Sol_Don_Omar,0.1235032444166546,0.23979152266463866,False,False
chroma_loop_cycle,p_dio_cy,reggae_37_MI_EX_TENÍA_RAZÓN_KAROL_G,1.0,1.0,False,False
chroma_loop_deprecated,p_ripser_co,reggae_37_MI_EX_TENÍA_RAZÓN_KAROL_G,1.0,1.0,False,False
chroma_loop_deprecated,p_dio_co,reggae_37_MI_EX_TENÍA_RAZÓN_KAROL_G,1.0,1.0,False,False
chroma_loop_deprecated,prev_p,reggae_37_MI_EX_TENÍA_RAZÓN_KAROL_G,0.0005589394141721,0.0017070311838229,True,True
chroma_loop_cycle,p_dio_cy,reggae_38_Hawái_Maluma,0.6921539230384808,1.0,False,False
chroma_loop_deprecated,p_ripser_co,reggae_38_Hawái_Maluma,1.0,1.0,False,False
chroma_loop_deprecated,p_dio_co,reggae_38_Hawái_Maluma,1.0,1.0,False,False
chroma_loop_deprecated,prev_p,reggae_38_Hawái_Maluma,0.167130117932751,0.31311077134699977,False,False
chroma_loop_cycle,p_dio_cy,reggae_39_La_Santa_Bad_Bunny,0.0029985007496251,0.013388654509953935,True,True
chroma_loop_deprecated,p_ripser_co,reggae_39_La_Santa_Bad_Bunny,0.0004997501249375,0.0015506939698587215,True,True
chroma_loop_deprecated,p_dio_co,reggae_39_La_Santa_Bad_Bunny,0.0004997501249375,0.0015506939698587215,True,True
chroma_loop_deprecated,prev_p,reggae_39_La_Santa_Bad_Bunny,1.64039648444691e-06,1.2872555746007002e-05,True,True
chroma_loop_cycle,p_dio_cy,reggae_40_El_Perdedor_Maluma,0.0484757621189405,0.14761849844308608,False,True
chroma_loop_deprecated,p_ripser_co,reggae_40_El_Perdedor_Maluma,0.008495752123938,0.02114581475781925,True,True
chroma_loop_deprecated,p_dio_co,reggae_40_El_Perdedor_Maluma,0.008495752123938,0.02114581475781925,True,True
chroma_loop_deprecated,prev_p,reggae_40_El_Perdedor_Maluma,0.3857535417686479,0.6191782701684263,False,False
chroma_loop_cycle,p_dio_cy,reggae_41_Hey_Mor_Ozuna,0.0004997501249375,0.0030015007503750002,True,True
chroma_loop_deprecated,p_ripser_co,reggae_41_Hey_Mor_Ozuna,0.0014992503748125,0.004299880516594226,True,True
chroma_loop_deprecated,p_dio_co,reggae_41_Hey_Mor_Ozuna,0.0014992503748125,0.004299880516594226,True,True
chroma_loop_deprecated,prev_p,reggae_41_Hey_Mor_Ozuna,0.9999999999791368,1.0,False,False
chroma_loop_cycle,p_dio_cy,reggae_42_Feliz_Cumpleaños_Ferxxo_Feid,0.7731134432783608,1.0,False,False
chroma_loop_deprecated,p_ripser_co,reggae_42_Feliz_Cumpleaños_Ferxxo_Feid,0.9835082458770614,1.0,False,False
chroma_loop_deprecated,p_dio_co,reggae_42_Feliz_Cumpleaños_Ferxxo_Feid,0.9790104947526236,1.0,False,False
chroma_loop_deprecated,prev_p,reggae_42_Feliz_Cumpleaños_Ferxxo_Feid,1.4288287611288718e-12,1.4415861607818082e-11,True,True
chroma_loop_cycle,p_dio_cy,reggae_43_It_Wasn_t_Me_Shaggy,0.0004997501249375,0.0030015007503750002,True,True
chroma_loop_deprecated,p_ripser_co,reggae_43_It_Wasn_t_Me_Shaggy,0.192903548225887,0.35386527515463034,False,False
chroma_loop_deprecated,p_dio_co,reggae_43_It_Wasn_t_Me_Shaggy,0.192903548225887,0.35386527515463034,False,False
chroma_loop_deprecated,prev_p,reggae_43_It_Wasn_t_Me_Shaggy,1.0,1.0,False,False
chroma_loop_cycle,p_dio_cy,reggae_44_Three_Little_Birds_Bob_Marley___The_Wailers,0.1244377811094452,0.31856071964017973,False,False
chroma_loop_deprecated,p_ripser_co,reggae_44_Three_Little_Birds_Bob_Marley___The_Wailers,0.3573213393303348,0.5885905443779567,False,False
chroma_loop_deprecated,p_dio_co,reggae_44_Three_Little_Birds_Bob_Marley___The_Wailers,0.2548725637181409,0.44308614923307565,False,False
chroma_loop_deprecated,prev_p,reggae_44_Three_Little_Birds_Bob_Marley___The_Wailers,9.141203339556912e-15,9.782808373675536e-14,True,True
chroma_loop_cycle,p_dio_cy,reggae_45_Is_This_Love_Bob_Marley___The_Wailers,0.9900049975012494,1.0,False,False
chroma_loop_deprecated,p_ripser_co,reggae_45_Is_This_Love_Bob_Marley___The_Wailers,0.7156421789105447,1.0,False,False
chroma_loop_deprecated,p_dio_co,reggae_45_Is_This_Love_Bob_Marley___The_Wailers,0.7156421789105447,1.0,False,False
chroma_loop_deprecated,prev_p,reggae_45_Is_This_Love_Bob_Marley___The_Wailers,0.9997459896779736,1.0,False,False
chroma_loop_cycle,p_dio_cy,reggae_46_Jamming_Bob_Marley___The_Wailers,0.0004997501249375,0.0030015007503750002,True,True
chroma_loop_deprecated,p_ripser_co,reggae_46_Jamming_Bob_Marley___The_Wailers,0.0004997501249375,0.0015506939698587215,True,True
chroma_loop_deprecated,p_dio_co,reggae_46_Jamming_Bob_Marley___The_Wailers,0.0004997501249375,0.0015506939698587215,True,True
chroma_loop_deprecated,prev_p,reggae_46_Jamming_Bob_Marley___The_Wailers,0.5378012455564003,0.8347739113718851,False,False
chroma_loop_cycle,p_dio_cy,reggae_47_Angel_Shaggy,0.0514742628685657,0.14974331016310022,False,False
chroma_loop_deprecated,p_ripser_co,reggae_47_Angel_Shaggy,0.92303848075962,1.0,False,False
chroma_loop_deprecated,p_dio_co,reggae_47_Angel_Shaggy,0.9070464767616192,1.0,False,False
chroma_loop_deprecated,prev_p,reggae_47_Angel_Shaggy,0.7983116061552545,1.0,False,False
chroma_loop_cycle,p_dio_cy,reggae_48_Baby__I_Love_Your_Way_Big_Mountain,0.0324837581209395,0.1039480259870064,False,True
chroma_loop_deprecated,p_ripser_co,reggae_48_Baby__I_Love_Your_Way_Big_Mountain,0.2983508245877061,0.503188704155385,False,False
chroma_loop_deprecated,p_dio_co,reggae_48_Baby__I_Love_Your_Way_Big_Mountain,0.2993503248375812,0.5033718259917661,False,False
chroma_loop_deprecated,prev_p,reggae_48_Baby__I_Love_Your_Way_Big_Mountain,0.000553261825802,0.001698874628142011,True,True
chroma_loop_cycle,p_dio_cy,reggae_49_Red_Red_Wine_UB40,0.9505247376311844,1.0,False,False
chroma_loop_deprecated,p_ripser_co,reggae_49_Red_Red_Wine_UB40,0.0004997501249375,0.0015506939698587215,True,True
chroma_loop_deprecated,p_dio_co,reggae_49_Red_Red_Wine_UB40,0.0004997501249375,0.0015506939698587215,True,True
chroma_loop_cycle,p_dio_cy,reggae_50_Closer_to_the_Sun_Slightly_Stoopid,0.000999500249875,0.005336001334,True,True
chroma_loop_deprecated,p_ripser_co,reggae_50_Closer_to_the_Sun_Slightly_Stoopid,0.816591704147926,1.0,False,False
chroma_loop_deprecated,p_dio_co,reggae_50_Closer_to_the_Sun_Slightly_Stoopid,0.816591704147926,1.0,False,False
chroma_loop_deprecated,prev_p,reggae_50_Closer_to_the_Sun_Slightly_Stoopid,0.6510174253540103,0.9808662542000421,False,False
